child_asin,program,colour,size,shade_family,launch_date,is_cold_start,y_units,pred_heuristic,pred_naive_family,pred_size_ratio,pred_ridge,pred_lasso,pred_elasticnet,pred_poisson_glm,pred_negbin_glm,pred_random_forest,pred_xgboost,pred_lightgbm,pred_gompertz,pred_logistic,pred_bass,pred_hier_bayes,pred_knn_lookalike,pred_matrix_factorisation,pred_cluster_pool,pred_ensemble
B07D2FRRFR,Duvet Cover Set,White,King,White,2019-05-08,False,1403.0,32.380468723936616,383.5889570552147,242.70855248618784,28.43333491057492,58.0640635435253,51.452512583401784,79.71944521405062,101.57313493484229,76.22618769851141,185.81258,235.47428117321084,133.72434872532085,176.39593092104482,196.25024014305214,53.62932078641223,37.23618919778829,192.04776861400362,35.0,179.0575480418418
B07D2G8C9Q,Duvet Cover Set,White,Queen,White,2019-05-07,False,1871.0,42.605879899916594,290.5682926829268,327.9845303867403,36.973969014331665,67.8770215628267,63.933809360995696,77.39427764642384,103.06659949224958,74.19080121516056,205.11504,239.6810249900852,173.52665774862908,229.03279537202394,254.82188435506265,62.729982749835,24.337651638462887,210.97168239716888,54.5,191.87431319456928
B07D2GGY55,Duvet Cover Set,Light Gray,Queen,Light Grey,2019-05-07,False,95.0,42.605879899916594,67.97142857142858,47.973958333333336,79.7400618099086,52.33464209966383,60.361877809960134,42.80734648768922,50.608962229140296,67.22267262656787,91.4244,100.71464750781865,259.9564613343956,357.79846652389267,404.5620430142369,69.62174408569688,85.30896222854408,63.54793903183179,54.5,130.70831107705058
B07D2H1LN3,Duvet Cover Set,Light Gray,King,Light Grey,2019-05-07,False,49.0,32.380468723936616,51.368421052631575,35.50072916666667,62.377542606875636,44.73601788474958,48.61079746850202,44.1087064541202,49.914273690508615,66.91318659164338,91.02984,109.01349125273214,209.62610525319383,287.0362069147539,323.9814972412181,52.21691216109668,66.44003642356124,53.65217928307169,35.0,121.80302408212876
B07HP3N84J,Duvet Cover Set,Indigo Navy Blue,Queen,Dark Blue,2019-05-21,False,137.0,42.605879899916594,79.90140845070422,56.193939393939395,45.06181076936866,43.37046430297783,41.9592740455807,46.28151717432492,51.90222594809193,38.360195699979904,42.793827,43.18521432318989,145.6471643119913,199.17937601266615,224.78983459555286,49.78583693841802,45.06062649679436,27.085333267904456,29.0,71.67989111240627
B07HP5WYYB,Duvet Cover Set,Indigo Navy Blue,King,Dark Blue,2019-05-21,False,63.0,32.380468723936616,47.986666666666665,41.58351515151515,35.21980036867545,37.048972844395024,33.737458134330424,47.688493279551984,51.18978530699831,39.812895147107305,47.56214,42.42267213450027,113.57168212802554,155.62288193086385,175.76518406405472,41.24890475549628,33.57890216617278,31.507618059859354,30.0,62.81858313785233
B07JPXB3PT,Duvet Cover Set,Ivory,Queen,Near White,2020-08-17,False,150.0,42.605879899916594,143.25757575757578,87.07053941908714,29.376565068420128,36.55069559681364,35.191601628931146,33.910786345056586,42.360571346745274,44.40116781686295,78.98444,114.0560828232619,96.43726919979179,133.6877136269884,151.48626932048066,72.46459091641009,67.11325280914845,52.76667785061122,54.5,93.39568233165902
B07JXZ56WR,Duvet Cover Set,Ivory,King,Near White,2020-08-17,False,105.0,32.380468723936616,85.63461538461537,64.43219917012449,21.809872083224,31.200821413433292,27.77483453027844,39.882133432561794,42.599300022828146,38.196840657422605,53.4772,63.080634562254666,69.20413915393685,96.94112189201425,110.23415486887347,46.89935810711333,59.602564155246206,17.702328019215354,35.0,60.068125181210064
B089DC8XXL,400 TC Duvet Cover,White,King,White,2020-07-28,False,3459.0,32.380468723936616,1344.9901960784314,882.2633333333334,128.6595764143976,189.55191626662022,205.26433403466584,240.4065035993718,252.5246681860471,147.46845747062852,218.37537,272.46505972279414,451.80319486143634,629.7996353577263,714.7762682831287,112.5932776343612,123.7156624508042,192.04776861400362,35.0,314.43638902691055
B089DD8K98,Duvet Cover Set,Pattern - Pinstripe,King,White,2020-08-31,False,38.0,32.380468723936616,383.5889570552147,242.70855248618784,4.658961461396905,13.742026726781567,10.75271016238043,16.699829556663897,22.30993750237981,51.08089902296913,47.35426,87.62568889509461,0.0,5.737837458893155,9.267469453517423,53.62932078641223,36.93343415764791,24.68462457263783,35.0,50.26598019658188
B089DDS3NW,400 TC Duvet Cover,Indigo Navy Blue,King,Dark Blue,2020-11-07,False,222.0,32.380468723936616,145.828125,93.71064,48.91568563794688,47.019370448065374,44.73264336121523,55.894490797520085,63.41165724577331,47.83163056536198,36.22309,42.8499841600052,160.37131745961122,223.26279166746352,253.41404633579728,84.72891528723775,43.060777160473215,31.507618059859354,30.0,77.90439884411896
B089DDSZD4,400 TC Duvet Cover,Ivory,Queen,Near White,2020-08-17,False,469.0,42.605879899916594,235.72881355932202,191.58291457286433,44.67656261070516,53.190409878868515,52.83985018207765,48.24109008733794,54.16117022055871,68.04640494674875,120.076836,180.53033366698955,160.26862296984527,219.2054582385814,247.20665086880135,150.92120824063267,157.0371469485913,52.76667785061122,54.5,146.91004250787933
B089DF5522,400 TC Duvet Cover,White,Queen,White,2020-07-28,False,4543.0,42.605879899916594,1963.6695652173914,1192.2477477477478,155.98775436101036,221.2103874695683,249.79239928248532,247.71495472104644,249.05836528269293,151.78909531289708,266.61694,324.55201190853654,489.59111748204566,695.3306595696852,794.4003082428889,131.39657550134808,125.68532346920574,210.97168239716888,54.5,350.3470365584059
B089DFCGZL,400 TC Duvet Cover,Indigo Navy Blue,Queen,Dark Blue,2020-11-07,False,314.0,42.605879899916594,268.8135593220339,126.63600000000001,62.95298903451749,54.99735296484401,54.8693239093618,57.59370503610537,62.541231345616964,57.648142550997484,77.1934,81.47322598093372,191.68030783972216,269.65164172118034,307.2286618689813,102.68892519755919,67.84734243488792,27.085333267904456,29.0,105.76610006979446
B089DFGPCH,Duvet Cover Set,Pattern - Pinstripe,Queen,White,2020-08-31,False,57.0,42.605879899916594,290.5682926829268,327.9845303867403,6.143107383550718,16.191280650577756,13.387371370530474,17.207510864065487,22.003698109239902,52.82083581249133,71.37075,126.34252776096945,9.371294973534269,19.003127396890303,23.622165640177084,62.729982749835,24.164230963522535,79.28031223627629,54.5,72.62085685053891
B089DFJM8R,400 TC Duvet Cover,Indigo Navy Blue,Oversized King,Dark Blue,2020-11-07,False,70.0,10.651469974979149,27.958333333333332,60.78528,27.568902603599504,33.375149028781394,29.041799550948642,59.3445760477897,61.682753426014465,44.7761766810961,35.398975,53.299667212555065,95.29017823487227,131.85706206138178,149.3061902921601,73.98755728074732,50.416795014680694,23.69975778005121,29.0,66.05733915195788
B089DFSS2H,Duvet Cover Set,Indigo Navy Blue,Oversized King,Dark Blue,2020-11-07,False,3.0,10.651469974979149,0.0,26.97309090909091,24.27064085953073,26.237739681171327,22.495570593305434,50.82896552152852,54.450253876199,33.276851630055646,44.29499,58.09629691485169,66.12045844494239,94.86003068650517,108.79069035574845,35.73836004437096,30.178438162868936,23.69975778005121,29.0,59.35593205794906
B089DG67KX,400 TC Duvet Cover,Light Gray,Queen,Light Grey,2020-08-17,False,369.0,42.605879899916594,214.0,149.328,102.36177835944825,66.31051445652926,79.43269079054659,49.84304941480389,56.98329629073781,84.9080358703383,134.34453,170.9659763752708,284.60694825951293,404.79181341379456,463.1013463219695,142.19054455642018,151.26729384246627,63.54793903183179,54.5,174.8073482656302
B089DGHQYN,Duvet Cover Set,White,Oversized King,White,2020-07-28,False,335.0,10.651469974979149,280.4597701149425,157.43257458563534,20.100424038652463,41.28160360307049,36.25154294796186,54.83047876093358,92.93898017780874,66.49693218703804,150.39238,203.12523836838818,73.03703621753306,101.03038738167712,114.28181870436174,32.2422831939134,19.555467949289103,66.28499830104194,17.0,144.69341727011337
B089DGLSNN,400 TC Duvet Cover,White,Oversized King,White,2020-07-28,False,586.0,10.651469974979149,452.4925373134329,572.278918918919,84.14129107841458,135.40850469852103,137.86117651872206,223.6267396262004,240.91016640261557,135.40977542745594,148.14388,211.71634210070974,347.2159885560478,469.38515705252655,526.9930539231289,68.03128301454751,29.10160634776556,66.28499830104194,17.0,253.36521803969168
B089DGTF55,Duvet Cover Set,Ivory,Oversized King,Near White,2020-08-17,False,2.0,10.651469974979149,36.943661971830984,41.79385892116183,12.603057058446964,22.051281693355495,18.325694419555735,36.0039283009954,41.20562039940293,32.17415058546378,39.94064,63.7366432765874,33.39037778781346,49.44800248902053,57.20857186258046,41.437523467840236,46.755337964400994,20.337266333393124,17.0,50.818308240916146
B089DH2PHF,400 TC Duvet Cover,Ivory,King,Near White,2020-08-17,False,276.0,32.380468723936616,162.66666666666666,141.7713567839196,33.311747788469916,45.46986382266287,42.306066862809104,51.218769479215304,52.68447873914859,54.374290612357285,49.45348,76.54464344883094,127.01300276372712,172.33927146568345,193.79565395655155,98.08344190048794,137.2620371383819,17.702328019215354,35.0,84.2587809384693
B089DH3Z2B,400 TC Duvet Cover,Light Gray,King,Light Grey,2020-08-17,False,176.0,32.380468723936616,133.8064516129032,110.50272,77.55619348601248,56.720737813574296,64.0689851263681,51.35829748400905,56.20110987388541,75.34305410907822,70.541725,112.48535505229913,235.3248358414514,330.5718021474006,376.4627643087185,106.94676668202092,104.54982917386154,53.65217928307169,35.0,131.66364067810318
B089DH572C,400 TC Duvet Cover,Black,King,Black,2025-04-26,False,73.0,32.380468723936616,54.430769230769236,39.107465437788015,8.375036050168834,15.7096137337291,12.872490959599007,59.180373447470714,62.06443397850495,39.423621920901574,28.06135,29.566122011682314,12.90944718447946,24.382332176540057,29.977268880904155,66.17806426112703,33.11323237245252,19.42633442282177,39.0,32.54861656954804
B089DH58QX,400 TC Duvet Cover,Black,Queen,Black,2025-04-26,False,138.0,42.605879899916594,72.86111111111111,52.84792626728111,11.155635454208834,18.48576437847763,15.96427925107071,60.97947979537579,61.21250086147487,43.27343460760971,42.63471,38.14518994073012,24.45830048932897,39.59216748036716,46.91230877038167,87.09176604378301,61.176520358430224,24.831391487344856,53.00000000000001,39.77939756034179
B089DH9S71,Duvet Cover Set,Light Gray,Oversized King,Light Grey,2020-08-17,False,27.0,10.651469974979149,13.390243902439025,23.0275,39.32782781161488,31.740588143937643,32.605870111098675,45.32594543835284,48.93035578154921,45.02955267771337,49.94932,86.68181361825152,110.55172262440279,155.86967624184604,177.7864896139111,42.34168917256272,30.67033801022714,34.67788077870853,17.0,84.38809662606118
B089DHDSWN,Duvet Cover Set,Pattern - Polka Dot,Queen,White,2020-08-31,False,132.0,42.605879899916594,290.5682926829268,327.9845303867403,5.630302344241359,16.118651372104566,13.193055514301342,17.480344356707178,22.984089968897177,54.21400748787644,77.75386,139.33284643914945,6.045292910313561,14.77695510707864,18.990702700010036,62.729982749835,23.96587681536897,79.28031223627629,54.5,78.68878677277881
B089DHVMW6,400 TC Duvet Cover,Light Gray,Oversized King,Light Grey,2020-08-17,False,60.0,10.651469974979149,26.142857142857142,71.67743999999999,44.399269717605996,40.31997037609586,41.983152671720795,52.91960968328221,55.429660210266604,66.26844455430601,48.002914,87.68417622233767,149.65246509262144,206.61822402959524,233.81612851625542,87.27292725961351,33.38435888106461,34.67788077870853,17.0,96.49207373012905
B089DJ14PR,Duvet Cover Set,Pattern - Polka Dot,King,White,2020-08-31,False,23.0,32.380468723936616,383.5889570552147,242.70855248618784,4.139816078095556,13.679744993025883,10.463007725310042,18.011753617306606,22.668596760402203,50.10471298296427,37.691772,77.36609411043577,0.0,1.1358402462867836,4.269673592432078,53.62932078641223,36.59746468404974,24.68462457263783,35.0,45.04762949359082
B08B1LPVYR,Duvet Cover Set,Gray,Queen,Mid Grey,2020-08-19,False,80.0,42.605879899916594,56.0919540229885,40.04102564102564,79.08377348902523,50.57740365397285,58.36457373564716,46.389528195166434,52.17320123154931,54.91238710775757,74.804375,104.45976269702172,212.16763270120182,301.745239087423,345.2654111068502,74.24714469783233,71.4025150438837,69.59294200054494,53.00000000000001,120.61654289936408
B08B1M9H7N,Duvet Cover Set,Gray,King,Mid Grey,2020-08-19,False,59.0,32.380468723936616,31.551724137931036,29.630358974358973,61.91933910603778,43.22913444434493,46.999626259083655,47.7997878773958,51.45704102349801,52.63582391875378,64.5656,81.50270821415711,169.55698087162628,240.74636478746683,275.27252703774906,55.224819752017936,63.33804777268639,51.82557898175597,39.0,97.5627778097716
B08B1MHDGK,400 TC Duvet Cover,Gray,King,Mid Grey,2020-08-19,False,133.0,32.380468723936616,96.58333333333333,70.31423076923078,74.31533584308559,54.81898886379928,60.79055795811704,54.161379354319656,59.10324521770885,68.44449461415707,50.2724,67.18860853368008,227.3094602490272,319.04244744005825,363.1761460859865,114.5198916118396,81.6193255111637,51.82557898175597,39.0,106.84438691214588
B08B1MQWPM,400 TC Duvet Cover,Gray,Queen,Mid Grey,2020-08-19,False,206.0,42.605879899916594,145.828125,95.01923076923077,96.31083968392917,64.09280718137353,74.53969287277441,55.807906331614596,58.291959128443025,78.77390450848252,99.61693,102.4356458536902,271.0945835252891,385.0606318887644,440.25290204568904,153.23306695715976,123.0228517894574,69.59294200054494,53.00000000000001,136.20692734751748
B08C7LZWBM,Duvet Cover Set,Gray,Oversized King,Mid Grey,2020-08-19,False,2.0,10.651469974979149,8.714285714285714,19.21969230769231,34.6223015938235,30.661870485843057,30.68181861865547,49.25292000193487,50.750711253899574,42.853978387504135,47.669518,73.88683923776088,101.58862195092823,143.3125896911964,163.39589774276467,39.51569261714592,44.740529399478156,27.751160500435468,24.0,75.8670216155495
B09P8MJ4TK,Duvet Cover Set,Textured - Natural Linen Look Slub,Oversized King,Near White,2022-03-04,False,56.0,10.651469974979149,36.943661971830984,41.79385892116183,29.529665924145956,29.16383873897978,29.198917089887605,38.78129138207738,45.254560018177955,63.461082239569,84.467514,120.75836818775598,105.24733028512513,143.80327438944113,162.0838374677432,41.437523467840236,32.1903046109089,37.35231378930995,66.5,99.78883651813801
B0B7S9XC69,Duvet Cover Set,Stripe - White,Queen,White,2022-09-12,False,373.0,42.605879899916594,290.5682926829268,327.9845303867403,18.401968754609403,26.454381658081783,25.181453965833096,24.866951130453117,25.480836026938135,46.66984929045744,53.164303,89.15636101650786,42.77095840163452,66.40331458582719,77.80649424227424,62.729982749835,12.17636329275813,76.08880484249457,54.5,62.84610325223248
B0B7SDK5NS,Duvet Cover Set,Stripe - White,King,White,2022-09-27,False,275.0,32.380468723936616,383.5889570552147,242.70855248618784,14.35752259221036,22.542936468616222,20.163193336341532,25.783859593874652,25.485063954647433,43.828896143866665,50.09872,74.22823673779526,27.003000206214285,45.70748902974887,54.765287140947784,53.62932078641223,14.965770643528582,88.76945336299693,35.0,51.05308974100527
B0CR7Q3F8F,Duvet Cover Set,Textured - Natural Linen Look Slub,King,Near White,2024-02-02,False,0.0,32.380468723936616,85.63461538461537,64.43219917012449,48.13757644880628,41.13650231247078,42.70958280658488,50.44070018165272,49.31637943005385,33.564698997385456,23.934397,35.870031985737896,158.26809099047125,219.1055358111565,248.18494364756324,46.89935810711333,67.58099564375806,42.50858705304981,52.0,70.5899728096829
B0CWGP5Y7L,400 TC Duvet Cover,White,Twin,White,2024-05-01,False,2438.0,25.563527939949957,850.1875,3290.603783783784,227.57653413010908,300.5994871322047,334.2529963594704,473.96471779685,411.5255793735989,191.7336515338366,259.64542,288.35998627644847,849.7714359425016,1192.0389571787446,1354.442095898332,260.4831239510938,158.6419242840778,201.36648248870006,234.0,461.41815461171916
B0CWH291HJ,Duvet Cover Set,White,Twin,White,2024-03-26,False,637.0,25.563527939949957,344.4268292682927,905.2373038674032,63.880434317297954,92.48471336150858,87.58096763039187,88.08980022767471,90.98959874227153,54.983153134824455,124.586525,130.22522726265885,265.8188209866151,366.9778887379298,414.3462846234769,127.65078127691943,284.9196558086526,201.36648248870006,234.0,156.53458573164164
B0DR8XHWSN,Duvet Cover Set,Beige,Queen,Beige,2025-03-20,False,96.0,42.605879899916594,41.57324840764331,36.6,28.107016165183207,38.905290529106395,35.17671146294335,49.82253888186937,53.90120136585137,58.680878376810476,51.995853,53.61860084887079,101.40874670093723,141.31596110287606,160.21525451256582,68.11234241702145,67.7027332674001,79.89126183852977,49.0,66.05964217779936
B0DR8XJTT3,Duvet Cover Set,Pattern - Paisley - Beige,King,Beige,2025-03-20,False,47.0,32.380468723936616,31.658227848101266,27.084,22.19194716519022,33.21995553893184,28.246836746566178,51.33716342290375,53.16132160625863,55.3243926781283,42.092175,41.75557913148991,65.37572502433548,94.71079184903256,108.76472569116824,58.526227925530186,59.39075993572904,54.51519319447251,52.0,50.43399793492331
B0DR8XXMY5,400 TC Duvet Cover,Pattern - Paisley - Beige,King,Beige,2025-04-09,False,98.0,32.380468723936616,55.577777777777776,43.21674185463659,24.22784211713903,40.76334102794082,34.80525208467197,57.28518408131028,58.77633551545011,79.96877318359861,57.663982,81.2481165630539,85.1759823259622,119.32385606468111,135.50328630212627,120.85148452178296,68.29130142447691,54.51519319447251,52.0,77.22004225162117
B0DR8Y6CSN,400 TC Duvet Cover,Stripe - White,King,White,2025-03-28,False,449.0,32.380468723936616,1344.9901960784314,882.2633333333334,67.23847069015717,74.95399621179463,84.3426456514138,56.294105251226405,55.83467367129476,164.72917275287557,149.38704,213.2048343878691,279.04123425472284,381.1103212748269,429.06069580380654,112.5932776343612,103.54564427002994,88.76945336299693,35.0,194.92347747043985
B0DR8YLQ7K,Duvet Cover Set,Pattern - Paisley - Beige,Queen,Beige,2025-03-20,False,71.0,42.605879899916594,41.57324840764331,36.6,27.525961456640456,38.905290529106395,34.76804453215411,52.1511392332133,55.52996558113267,55.703317284752984,48.91365,48.22080275176338,86.03894646669247,122.27722381208153,139.60575107953363,68.11234241702145,74.20211805651205,37.99482049615017,49.0,59.65671810475749
B0DR8Z44CM,400 TC Duvet Cover,Pattern - Paisley - Beige,Queen,Beige,2025-03-20,False,119.0,42.605879899916594,63.5206611570248,58.40100250626566,34.53257408842179,47.70194104402245,43.806159576862306,53.5654324649248,58.95367167152547,75.34845685845161,62.03142,65.64674712424397,119.75710503755633,167.47553771748585,190.14159674024074,139.98593906694936,106.3757523994343,37.99482049615017,49.0,78.15853014677035
B0DR918N9D,400 TC Duvet Cover,Beige,Queen,Beige,2025-04-02,False,197.0,42.605879899916594,63.5206611570248,58.40100250626566,32.18972396890641,47.70194104402245,43.28353662295659,55.7608975418153,59.992173661273384,94.69832157341887,96.646484,114.68854869490312,127.34815265919867,175.2140469302089,197.72903070259002,139.98593906694936,44.05343639852803,79.89126183852977,49.0,105.68688599584266
B0DR91MMJK,Duvet Cover Set,Beige,King,Beige,2025-03-20,False,80.0,32.380468723936616,31.658227848101266,27.084,21.025744424516297,33.21995553893184,27.916452515242216,53.73655412972852,54.76772844089718,60.879025701671715,61.881832,60.25221886802145,73.12459534364673,103.19093357869014,117.45516423894705,58.526227925530186,64.05735136062226,72.23202221304678,52.0,62.354765920463976
B0DR91ZKKZ,400 TC Duvet Cover,Stripe - White,Queen,White,2025-03-20,False,439.0,42.605879899916594,1963.6695652173914,1192.2477477477478,84.34018493281506,87.57306323002086,103.98622492840553,54.81805073769663,57.04046229145633,165.8493707761446,155.49794,218.79770522222202,314.1513057616042,437.2821961807652,495.5956236565029,131.39657550134808,130.91616064820238,76.08880484249457,54.5,207.17627644827706
B0DR9289LC,400 TC Duvet Cover,Beige,King,Beige,2025-03-21,False,260.0,32.380468723936616,55.577777777777776,43.21674185463659,25.32894784287324,40.76334102794082,35.220478207025955,55.170773605728066,58.090165048206394,77.19301394133605,55.88943,72.01217189269903,105.09744892013573,144.11185433978093,162.3947052859178,120.85148452178296,70.42538833015911,72.23202221304678,52.0,77.45543673009716
B0F23XYBN8,400 TC Duvet Cover,Pink,Queen,Pink,2025-05-26,False,90.0,42.605879899916594,73.01515151515152,62.66363636363637,45.34884653281199,58.9498880042548,56.72550291004577,58.60177217164358,60.7170937656782,95.0299905198214,93.08638,152.06794181655883,166.4005362606246,230.38514147992223,260.655153761057,155.5968446679465,80.82718161623764,120.76571100601633,142.0,135.26988246686585
B0F241V4YK,400 TC Duvet Cover,Light Gray,Twin,Light Grey,2025-05-26,False,188.0,25.563527939949957,175.10588235294117,412.14527999999996,120.1961545637716,90.35854029989613,103.02248596465564,110.75111608531545,92.04880919389095,156.05108997639252,160.94308,163.99015205715503,402.0911671158069,560.3573347538099,635.90678732049,250.08711744325947,240.29693947715862,192.3585119413954,234.0,209.50569216566873
B0F241YFJ8,400 TC Duvet Cover,Beige,Twin,Beige,2025-05-26,False,184.0,25.563527939949957,56.73426573426573,161.1867669172932,44.76927802705865,65.10168232226154,59.28937860757585,105.08557996260868,87.65245195224935,74.3379068307782,54.897892,63.519467624407746,158.81627522681967,222.10332173434247,252.13955360786125,188.67433178503092,198.69978524712192,56.335927078301474,86.0,93.61959068701998
B0F241YQVC,400 TC Duvet Cover,Black,Twin,Black,2025-05-26,False,103.0,25.563527939949957,33.550000000000004,145.86027649769585,16.104121818626602,25.44744293843004,22.20022519573902,111.05281958997179,98.19296618421437,59.69215716644366,37.617844,48.47268840918521,43.83174924756046,65.56494018302696,76.02595140323399,137.57290414721655,135.8503224356657,52.19635730217804,86.0,58.43393749168442
B0F2423YPG,400 TC Duvet Cover,Pink,King,Pink,2025-05-26,False,47.0,32.380468723936616,19.52,46.37109090909091,34.11853816032291,50.40878502245754,45.68725882042312,60.38328881594243,59.883655037038224,84.53086641266071,53.790833,81.47908611288236,133.3328930291965,183.1579715313077,206.61245013445478,105.68244967809635,72.13812017634038,43.540220933840686,42.0,90.06053317962599
B0F2424F23,400 TC Duvet Cover,Ivory,Twin,Near White,2025-05-26,False,134.0,25.563527939949957,181.41558441558442,528.7688442211056,55.34833416129844,72.5510162826614,69.84434701514068,93.91308600480069,85.80553746189618,146.70756153952053,139.59787,149.22979343681484,243.39408051099517,324.55141955239634,362.433899212017,246.5639646876836,221.9830962928337,163.1012329488365,234.0,159.37815519268167
B0F24279LZ,400 TC Duvet Cover,Sky Blue,Queen,Light Blue,2025-05-26,False,229.0,42.605879899916594,162.32203389830508,159.7784090909091,45.50628942723626,58.02671385943616,56.905321549941775,58.60177217164358,60.7170937656782,136.69186995028102,129.47105,194.03958839601046,206.30043031218736,276.8642084216801,309.6598379399396,134.4130678946764,67.50856088312743,42.64632101590955,84.0,167.28143119424135
B0F2428582,400 TC Duvet Cover,Gray,Twin,Mid Grey,2025-05-26,False,273.0,25.563527939949957,48.291666666666664,262.2530769230769,120.52688808068595,87.34851280112339,98.96659838829297,105.37184965346343,93.50315692168574,129.64223010784227,104.863335,103.88213521774279,401.6870561924796,560.5462803777208,636.3539945101745,225.55758004529523,245.049097591004,124.47791068887628,86.0,178.68296087603446
B0F242BDQN,400 TC Duvet Cover,Pattern - Paisley - Beige,Twin,Beige,2025-05-26,False,142.0,25.563527939949957,56.73426573426573,161.1867669172932,44.34551322161701,65.10168232226154,58.9478847137243,106.75176317957528,91.55787502915018,73.45132236925241,61.893257,73.66232236042323,139.6403416247559,197.67436226030722,225.4609584889934,188.67433178503092,178.86396039193335,92.70460527908402,86.0,94.76847927998944
B0F243QDSL,400 TC Duvet Cover,Sage Green,King,Green,2025-05-26,False,212.0,32.380468723936616,151.04761904761907,147.97229946524064,47.82407374169911,53.4934350901681,57.40580673356983,58.60177217164358,60.7170937656782,149.91884991471346,111.42049,202.53751522329446,227.0391714122885,302.7629885775592,337.91567136774614,126.82906961164588,79.22387273259555,51.23073721974374,52.0,177.04175142901758
B0F243X7TS,400 TC Duvet Cover,Sky Blue,King,Light Blue,2025-05-26,False,160.0,32.380468723936616,116.83050847457628,118.23602272727273,34.205668362315855,49.61713615155549,45.82911140804264,60.38328881594243,59.883655037038224,132.00507632408446,88.405624,156.806067665969,167.20512759914226,221.8272102075669,247.08357933511624,127.42868153304813,64.46098465049849,130.67778974070103,83.0,137.7382942102862
B0F244DYDR,400 TC Duvet Cover,Sage Green,Twin,Green,2025-05-26,False,242.0,25.563527939949957,220.171875,551.8966844919786,88.21552722531615,85.25046862436511,96.62305856888389,107.77637588550736,99.55957984277184,159.89986011502205,129.94917,210.22458908009835,369.74030811015507,505.997547018168,569.9147303132008,267.8244925364432,140.03463374730052,188.12169975993598,86.0,226.69235333580846
B0F244F18J,400 TC Duvet Cover,Pink,Twin,Pink,2025-05-27,False,107.0,25.563527939949957,94.9746835443038,172.95163636363637,63.153384637591365,80.36818301616313,77.04946078787076,111.02522617042082,98.13847227172006,93.53675014070852,93.78909,105.39943654596338,228.86439278850207,318.6619213795401,361.2741003013392,234.14487437195316,138.41676502771375,137.9666452775756,138.0,135.74647600663945
B0F244T9DL,400 TC Duvet Cover,Sage Green,Queen,Green,2025-05-26,False,255.0,42.605879899916594,229.76666666666665,199.96256684491976,61.191875184006996,62.54702468061825,69.97736582449923,62.21896425845329,59.061656581166915,157.90671360654355,155.50668,258.12455591555016,266.89817862021965,360.7809352414382,404.62434046997754,188.86863861438565,96.89231271967101,173.37305387479273,49.0,215.70311112994597
B0F244YQVQ,400 TC Duvet Cover,Indigo Navy Blue,Twin,Dark Blue,2025-05-27,False,43.0,25.563527939949957,64.86075949367088,349.51536,73.04684035762551,75.00352588049434,72.97571909215495,105.34566779093096,93.45126570127314,102.24520485299128,113.15448,99.58804867410235,257.82836102719557,353.61813498378893,399.12469427666656,200.44217301519365,95.49286791443845,163.53138286712937,175.0,139.1942667913669
B0F245LD5R,400 TC Duvet Cover,Stripe - White,Twin,White,2025-05-26,False,176.0,25.563527939949957,850.1875,3290.603783783784,128.4791624898374,119.21755935041988,143.39811503192857,101.29081622179817,87.18496536916909,140.73235730009264,121.40969,153.65126352141397,429.9683985903396,605.4424156802157,689.4749026717632,260.4831239510938,334.6188404480765,129.033640048196,234.0,210.29399632728826
B0F245SSBC,400 TC Duvet Cover,Sky Blue,Twin,Light Blue,2025-05-27,False,383.0,25.563527939949957,200.8793103448276,440.98840909090904,63.24951921342503,79.11518646734459,77.28017486945414,111.02522617042082,98.13847227172006,143.9002045466222,145.16644,204.20798811219677,279.0269938590428,378.3306474960221,424.6269642882397,247.5899481774557,171.6772893294791,183.02449241817,216.0,199.77118803623992
B0GQTFKZCT,400 TC Duvet Cover,Antique White,King,Near White,2026-05-31,True,276.0,32.380468723936616,162.66666666666666,141.7713567839196,30.594590659550885,45.500972098984064,40.93312934847799,53.38730622251981,53.768227758908424,109.75947584594202,79.05499,141.95579799074824,45.09050414071128,41.91490561129304,40.94942734794886,98.08344190048794,116.1493103902396,17.702328019215354,35.0,97.06783866132122
B0GQTJP3JD,400 TC Duvet Cover,Silver,King,Light Grey,2026-06-01,True,82.0,32.380468723936616,133.8064516129032,110.50272,67.0391532261276,56.85678413028835,61.53668757569649,56.824671909369286,55.766232151633766,123.90785797420416,140.88185,181.98127378173103,76.18992435964064,73.32053912451856,72.38847117525974,106.94676668202092,101.13008984232059,53.65217928307169,35.0,126.24351035833406
B0GQTKYXNY,400 TC Duvet Cover,Taupe,Twin,Taupe,2026-06-01,True,66.0,25.563527939949957,0.0,0.0,114.1284613385032,84.93921180475364,84.21117153027312,105.51113188396161,99.43304339731142,85.46447343751802,87.26358,106.08294197394436,120.78169316597722,120.4924466204278,120.37086066116412,221.38521941810123,127.28382227646514,120.74876711848339,86.0,108.3968593181048
B0GQTLHF3G,400 TC Duvet Cover,Silver Gray,Queen,Light Grey,2026-06-02,True,93.0,41.90742285237698,210.4918032786885,146.88,87.10808012983313,66.42257071627726,75.29420519445577,57.580117340155525,54.07355549366232,132.79967119716204,131.64188,152.65529384218112,86.0694961022283,83.58673833343528,82.96357579489211,139.85955202270836,112.98650063944426,62.50616953950668,53.60655737704918,113.27597929813392
B0GQTT9HS7,400 TC Duvet Cover,Antique White,Queen,Near White,2026-05-31,True,318.0,42.605879899916594,235.72881355932202,191.58291457286433,39.7108657731243,53.2266865129233,50.25208546156967,55.01030107583451,53.030173273666584,114.1207920944758,127.64333,208.67456971395362,54.65005953415655,51.38138628755454,50.394204966898,150.92120824063267,137.21580140464215,52.76667785061122,54.5,133.83696597776358
B0GQTV62MT,Duvet Cover Set,Silver,King,Light Grey,2026-06-01,True,31.0,32.380468723936616,51.368421052631575,35.50072916666667,61.26053909735363,44.843816520215476,48.20484359184718,47.23470011680877,49.91259335719971,81.35015635101155,108.40655,125.07449425934821,59.68604560367915,58.04840324399953,57.58190787765651,52.21691216109668,72.10970632390374,53.65217928307169,35.0,91.26353722305765
B0GQTX77XS,400 TC Duvet Cover,Taupe,Queen,Taupe,2026-05-31,True,82.0,42.605879899916594,0.0,0.0,77.98695333967687,62.31769903041218,60.937635640772804,63.563605964001525,62.72142709074119,93.11902143023502,104.31464,169.1420498037582,90.44865964476448,89.22944553025339,88.94526658911542,141.76885932976546,85.35023569953573,54.83437346273138,49.0,124.86688884475922
B0GQTX9FXT,400 TC Duvet Cover,Taupe,King,Taupe,2026-05-31,True,88.0,32.380468723936616,0.0,0.0,58.48426092416125,53.296781627683856,49.068351839433696,65.49596428355618,61.8604756977985,83.86990482445539,69.3598,107.52883044806802,73.87377710199631,71.99005786287763,71.43606911278826,104.6470405031149,76.83647136530303,38.3065541736344,52.0,88.55870618139707
B0GQTY29NN,400 TC Duvet Cover,Silver,Twin,Light Grey,2026-05-31,True,69.0,25.563527939949957,175.10588235294117,412.14527999999996,120.29152855055982,90.5738700648814,102.92752329012315,112.37425360172516,95.8966278807162,129.838996873825,162.3247,168.9835716408928,126.5161138963418,124.98296787410045,124.77157524661331,250.08711744325947,260.3678826884105,192.3585119413954,234.0,141.5749957646619
B0GQTYFYFT,Duvet Cover Set,Taupe,Queen,Taupe,2026-06-13,True,27.0,34.2243953294412,0.0,40.16393442622951,67.16158209225688,50.88111851967425,49.74580343620893,42.77403188351835,44.32752824345968,69.08698987550619,65.70371,85.37469475175672,44.209810671440906,41.21816890013384,40.51224092734116,55.18119754718656,48.00182138395051,44.04728360121045,39.36065573770492,65.49708699695272
B0GQTZCY6M,400 TC Duvet Cover,Antique White,Twin,Near White,2026-05-31,True,240.0,25.563527939949957,181.41558441558442,528.7688442211056,56.4377884310931,72.60025346887213,68.72615948011352,101.17118760433874,86.95511334075232,109.33729515616967,79.83544,129.1742928625406,76.80087341107742,72.75992274737467,71.53843272079176,246.5639646876836,221.04241173248553,163.1012329488365,234.0,106.13054608467499
B0GQV17JCG,Duvet Cover Set,Antique White,Queen,Near White,2026-06-01,True,125.0,42.605879899916594,143.25757575757578,87.07053941908714,23.94181868415126,36.57583312291306,32.495623066232895,43.64676868106836,43.39510925311196,73.30349547303689,70.681725,112.93593094094446,29.859256025482768,28.078443352772624,27.51116331990708,72.46459091641009,71.87409974349004,52.76667785061122,54.5,75.80579447352574
B0GQV2JFML,Duvet Cover Set,Light Grey,Twin,Light Grey,2026-05-26,True,64.0,25.563527939949957,0.0,132.40812499999998,108.8790001043655,71.38950837004073,81.86297805508555,83.10819364624354,79.69131661765553,94.63803601634822,123.54683,129.11751058268356,122.7392719948352,124.4732984363978,125.64182629260975,124.82155943409565,209.6162498107374,192.3585119413954,234.0,116.36833541461317
B0GQV2K4N4,Duvet Cover Set,Indigo Dusty Blue,Twin,Mid Blue,2026-05-26,True,75.0,25.563527939949957,12.200000000000001,33.672,35.54316154743145,64.99983519085995,63.52681550820399,97.28789376057163,92.29396790820041,65.09232283047756,84.31108,76.1537833940199,65.84053834674941,64.02324453542826,63.49994787602721,109.46593047456986,168.41239425171,120.74876711848339,216.0,77.10647554593766
B0GQV7NMHD,Duvet Cover Set,Silver,Queen,Light Grey,2026-06-01,True,20.0,42.605879899916594,67.97142857142858,47.973958333333336,76.61242387254578,52.460350499898716,59.17227068591762,48.67065335385572,49.227463589439616,82.31761422923638,122.948975,133.77302542132756,72.76632681604121,71.07532142337003,70.60656902067143,69.62174408569688,91.08611490449582,63.54793903183179,54.5,98.99010748770027
B0GQV8SPG4,Duvet Cover Set,Taupe,King,Taupe,2026-06-01,True,26.0,32.380468723936616,0.0,37.0,53.074744355110944,43.48957883813361,40.36000290924624,51.78699141857169,56.21457290184462,66.27081664997404,68.28294,87.94051257897091,57.54297602027402,56.46825238105667,56.104598950937664,50.588320100731785,64.59305613745813,38.3065541736344,52.0,72.94444641110118
B0GQVB1Y5X,Duvet Cover Set,Antique White,King,Near White,2026-06-01,True,115.0,32.380468723936616,85.63461538461537,64.43219917012449,17.465692935442444,31.222377578394777,25.631344506426984,50.607925603185706,46.218489836967755,71.06499660091325,55.65143,91.29580306989324,21.30863135949464,20.095210926843567,19.72090089402963,46.89935810711333,56.33128367789835,17.702328019215354,35.0,63.0484041092559
B0GR5R4WPL,400 TC Duvet Cover,Grey,Oversized King,Mid Grey,2026-07-23,True,2.0,1.5715283569641367,14.01923076923077,6.729230769230769,38.492375920804506,38.958584273907206,38.862219022588604,8.820917840404853,8.607621945891788,107.9057966535652,81.52405,111.4149476475932,1.4433768196245118,1.6134101996721286,0.5402923645905316,12.09582330479725,4.071209694405828,4.094433516457692,3.540983606557377,59.85003576341208
B0GR62LRTF,400 TC Duvet Cover,Ivory,Oversized King,Near White,2026-07-23,True,5.0,1.5715283569641367,28.26633165829146,13.5678391959799,17.899934913535304,32.26591913525536,27.288249220186184,7.5352700082307065,7.432259565407575,109.5896150902199,79.43756,123.87141602019162,0.7541941803429545,0.8289716776456163,0.27603658478215287,12.732938371072576,4.085903101382703,3.0005802786973463,2.5081967213114753,65.84116360568147
