wape,mae,rmse,rmsle,bias,smape,spearman,top6_hit,coverage80,interval_score,pinball10,pinball90,pred_total,actual_total,model,origin,n_test
0.8459090909090909,20.93625,24.548700131066003,1.629209832535142,-0.8459090909090909,1.4580301308731816,0.9486832980505139,1.0,0.25,116.4209521990606,2.4086372740638975,9.233457945842163,15.255,99.0,heuristic,2020-11-07,4
1.0,24.75,28.892040426387332,3.1320519816722183,-1.0,2.0,,1.0,0.0,214.513733247132,2.475,18.976373324713194,0.0,99.0,naive_family,2020-11-07,4
0.6212121212121212,15.375,17.735909900537948,1.5151552911143709,-0.6212121212121212,1.0071810542398778,0.7999999999999999,1.0,0.75,53.00938329341968,2.183620995196702,3.117317334145266,37.5,99.0,size_ratio,2020-11-07,4
0.5381799707854075,13.319954276938835,17.266438775382102,0.676448340031656,-0.5381799707854075,0.6380987123687116,1.0,1.0,0.5,83.49097565233757,1.7757622841246745,6.573335281109083,45.72018289224466,99.0,ridge,2020-11-07,4
0.7468274692880235,18.48397986487858,22.274464735157974,1.180403112368959,-0.7468274692880235,1.1118827720452509,1.0,1.0,0.0,130.66009927291475,2.1855673251103678,10.880442602181105,25.064080540485676,99.0,lasso,2020-11-07,4
0.7687397710561072,19.026309333638654,22.882604111458885,1.2586707431598079,-0.7687397710561072,1.1813388241391825,1.0,1.0,0.0,141.30374229454657,2.2094345298210123,11.920939699633648,22.894762665445388,99.0,elasticnet,2020-11-07,4
0.6238129599973157,15.439370759933563,21.238321967023467,0.9285571126956205,-0.611262283630995,0.6962136245390853,,1.0,0.5,94.66628752987859,2.0896896409424985,7.376939112045359,38.48503392053149,99.0,poisson_glm,2020-11-07,4
0.6160165396591757,15.246409356564598,20.965166434068497,0.9014838456409985,-0.595669442954715,0.6833943318686238,,1.0,0.5,115.6468094931092,2.2015246737308116,9.363156275580112,40.028725147483215,99.0,negbin_glm,2020-11-07,4
0.6027825825945788,14.918868919215825,18.717771189251078,0.7971833689023845,-0.6027825825945788,0.7488440955461859,1.0,1.0,0.5,72.64318121362346,2.0898416277595864,5.174476493602761,39.3245243231367,99.0,random_forest,2020-11-07,4
0.6585910874183731,16.300129413604736,19.721831071237887,0.9377079219836041,-0.6585910874183731,0.9126815087078329,1.0,1.0,0.5,93.63520300388336,1.9956618428230286,7.367858457565308,33.79948425292969,99.0,xgboost,2020-11-07,4
0.7012966547835139,17.35709220589197,20.771149922125588,1.0542147731297733,-0.7012966547835139,1.0206186100297359,1.0,1.0,0.25,118.55441943846388,2.03254190140662,9.822900042439766,29.57163117643212,99.0,lightgbm,2020-11-07,4
0.43048021265995834,10.65438526333397,14.652453884160275,0.49675965264000876,-0.43048021265995834,0.4441434584243698,1.0,1.0,0.5,60.98056926444836,1.580969011887328,4.517087914557507,56.38245894666412,99.0,gompertz,2020-11-07,4
0.47741419453645684,11.816001314777306,15.75725770630197,0.5697423062442529,-0.47741419453645684,0.5267236613599531,1.0,1.0,0.5,70.6149774108842,1.665585656866002,5.3959120842224175,51.735994740890774,99.0,logistic,2020-11-07,4
0.5008344128902299,12.39565171903319,16.327777514508103,0.6092454544336086,-0.5008344128902299,0.569149060258861,1.0,1.0,0.5,75.51325137267384,1.7079678995519103,5.843357237715474,49.41739312386724,99.0,bass,2020-11-07,4
0.5217015356955764,12.912113008465518,17.756071930796107,0.6564480143179617,-0.4870182604904602,0.5419381035988289,1.0,1.0,0.75,65.5,2.2,4.35,50.78519221144444,99.0,hier_bayes,2020-11-07,4
0.5943467523376535,14.710082120356924,19.413426227035917,0.7928462888506086,-0.5943467523376535,0.68767090410141,1.0,1.0,0.5,93.64656614964787,1.9838533001222782,7.380803314842509,40.159671518572296,99.0,knn_lookalike,2020-11-07,4
0.6441661102210948,15.943111227972096,20.375049633003364,0.9024626895619344,-0.6441661102210948,0.801659369361757,0.9486832980505139,1.0,0.25,103.18149167272979,2.032670454808016,8.285478712464963,35.227555088111615,99.0,matrix_factorisation,2020-11-07,4
0.6161616161616161,15.25,21.230873745562146,0.9210132209728735,-0.5959595959595959,0.6789473684210525,-0.316227766016838,1.0,0.5,90.61324045647537,2.075416637063326,6.98590740858421,40.0,99.0,cluster_pool,2020-11-07,4
0.4596935492037637,11.377415342793151,15.587311746094032,0.5409959125517447,-0.4596935492037637,0.47689002413379933,1.0,1.0,0.5,56.06407541975042,1.9650691927386212,3.6413383492364204,53.490338628827395,99.0,ensemble,2020-11-07,4
0.8853263350068462,74.36741214057508,75.79567782860474,2.223556482314318,-0.8853263350068462,1.600953704325015,0.5,1.0,0.0,551.3615873887012,8.154465679349897,46.98169305952023,28.897763578274763,252.0,heuristic,2022-03-04,3
0.6130970423208789,51.500151554953824,52.405590067900285,0.9598797319718669,-0.6130970423208789,0.8957282258948082,1.0,1.0,1.0,235.4744658227362,8.032681223471506,15.514765358802107,97.49954533513852,252.0,naive_family,2022-03-04,3
0.751984126984127,63.166666666666664,65.42702483096181,1.4839836451431612,-0.751984126984127,1.2209549665273929,0.5,1.0,0.3333333333333333,144.15221720341023,8.066446117882904,6.348775602458118,62.49999999999999,252.0,size_ratio,2022-03-04,3
0.9608447002939992,80.71095482469593,82.20963429582191,3.08656048530499,-0.9608447002939992,1.851491604006619,0.5,1.0,0.0,759.713159945895,8.291090901200214,67.6802250933893,9.867135525912198,252.0,ridge,2022-03-04,3
0.9184676396505388,77.15128173064527,78.61646273043696,2.434031393066606,-0.9184676396505388,1.7009690627529552,0.5,1.0,0.0,705.134855792044,8.104623684490434,62.40886189471396,20.546154808064234,252.0,lasso,2022-03-04,3
0.9409749595013164,79.04189659811057,80.51945868262398,2.7294248732474506,-0.9409749595013164,1.7796991742226913,0.5,1.0,0.0,736.0558785135576,8.208544953368788,65.39704289798698,14.874310205668294,252.0,elasticnet,2022-03-04,3
0.8404915742697568,70.60129223865958,72.18811402773919,1.8962246040649182,-0.8404915742697568,1.4622456449563865,0.5,1.0,0.0,576.2450119913473,7.799126521465958,49.825374677668776,40.19612328402127,252.0,poisson_glm,2022-03-04,3
0.8406258556114897,70.61257187136513,72.3016226305016,1.8782013872318155,-0.8406258556114897,1.4583182595406285,0.5,1.0,0.0,632.8441319360433,7.977277021856614,55.30713617174772,40.16228438590459,252.0,negbin_glm,2022-03-04,3
0.9074695829315044,76.22744496624637,77.67115489821312,2.2860562413264334,-0.9074695829315044,1.661539975816883,0.5,1.0,0.0,642.2892755727377,8.203382750946313,56.02554480632747,23.317665101260932,252.0,random_forest,2022-03-04,3
0.915953897294544,76.9401273727417,78.36045821950677,2.385435164257665,-0.915953897294544,1.6921598623787577,0.5,1.0,0.0,650.1304152011871,7.956728005409242,57.05631351470947,21.17961883544922,252.0,xgboost,2022-03-04,3
0.9275038467259796,77.9103231249823,79.46070567195359,2.5022352150116274,-0.9275038467259796,1.7272005893083666,0.5,1.0,0.0,651.3688889277379,8.096720336315679,57.040168556458106,18.269030625053148,252.0,lightgbm,2022-03-04,3
0.9668736093560913,81.21738318591167,82.698007042235,3.423759934940633,-0.9668736093560913,1.8774742934858681,0.5,1.0,0.0,771.7765638514325,8.300277686838447,68.87737869830481,8.347850442264997,252.0,gompertz,2022-03-04,3
0.9652376824011237,81.07996532169439,82.55856519055584,3.3018960093224226,-0.9652376824011237,1.8705147406987173,0.5,1.0,0.0,768.1074499005213,8.297626650160083,68.51311833989205,8.760104034916797,252.0,logistic,2022-03-04,3
0.9637398205692147,80.95414492781403,82.43976827805552,3.212457965409492,-0.9637398205692147,1.863910384608807,0.5,1.0,0.0,764.5063061113898,8.295741200252833,68.15488941088616,9.137565216557917,252.0,bass,2022-03-04,3
0.8032565521706744,67.47355038233665,69.35837894314251,1.6406783564975589,-0.8032565521706744,1.343463692518597,0.5,1.0,0.0,531.0333333333333,8.133333333333333,44.96999999999999,49.579348852990066,252.0,hier_bayes,2022-03-04,3
0.722570834142146,60.69595006794026,61.53014951942946,1.3655382628818964,-0.722570834142146,1.1639379072233085,1.0,1.0,0.0,360.2728786037779,7.61899135671657,28.40829650366122,69.91214979617922,252.0,knn_lookalike,2022-03-04,3
0.8695987987948505,73.04629909876745,74.91394726966854,2.0126450664208253,-0.8695987987948505,1.5323107639165183,0.5,1.0,0.0,644.3002215076582,7.8535736465755575,56.57644850419027,32.86110270369765,252.0,matrix_factorisation,2022-03-04,3
0.8373015873015873,70.33333333333333,72.53734670269286,1.9447932228042943,-0.8373015873015873,1.4528102763396882,0.5,1.0,0.0,477.66981186473566,7.971881422154612,39.795099764318955,41.0,252.0,cluster_pool,2022-03-04,3
0.9305513262663958,78.16631140637725,79.65997849347576,2.5879039245368944,-0.9305513262663958,1.742522406915057,0.5,1.0,0.0,652.2829408607957,8.4,56.82829408607958,17.501065780868252,252.0,ensemble,2022-03-04,3
2.389832600713658,9.718652576235543,10.878186821289097,1.4608867239547338,1.8184409680922586,1.26116688407644,-0.22273058609947968,0.16666666666666666,0.5333333333333333,52.93517121056829,0.8381664257705312,4.455350695286296,171.9248990536278,61.0,heuristic,2023-01-01,15
16.40482401562275,66.71295099686586,71.9337707671067,3.0116006626258747,16.40482401562275,1.7404579008530159,-0.31607955365058416,0.16666666666666666,0.2,608.3001850646526,4.7835569985590265,56.04646150790623,1061.6942649529879,61.0,naive_family,2023-01-01,15
11.499517825472546,46.76470582358835,52.56402130877351,2.690719676214675,11.499517825472546,1.6310495643159357,-0.234334841499571,0.16666666666666666,0.13333333333333333,356.63611028987617,4.304864859397856,31.358746169589754,762.4705873538252,61.0,size_ratio,2023-01-01,15
4.102954797334157,16.685349509158907,36.223904629039,1.2976287304117782,3.7540812314816074,1.019288421900614,0.3665840696679715,0.6666666666666666,0.5333333333333333,108.4961748818282,7.711067139679425,3.1385503485033936,289.99895512037796,61.0,ridge,2023-01-01,15
1.6670447985051862,6.77931551392109,12.923316946985993,0.996020275487053,1.446532297096872,0.8727393179626451,0.5157334705622932,0.6666666666666666,0.6666666666666666,39.615439508988985,2.089194044976868,1.87234990592203,149.23847012290918,61.0,lasso,2023-01-01,15
2.6844664973569383,10.916830422584884,22.62945966090196,1.1298249969533083,2.3525932834626637,0.9519777036672151,0.4528391448839648,0.6666666666666666,0.5333333333333333,64.59262462584508,4.126206779835468,2.333055682749039,204.5081902912225,61.0,elasticnet,2023-01-01,15
3.5631021358296446,14.48994868570722,15.279399818315094,1.7862866895772687,3.5631021358296446,1.3541804642881712,0.08298426915704066,0.5,0.26666666666666666,76.34847647096578,2.65505377330075,4.979793873795827,278.34923028560826,61.0,poisson_glm,2023-01-01,15
2.2228488534936353,9.039585337540784,10.156704820035356,1.4718693977041424,2.2228488534936353,1.1601441020681733,0.2881139232530962,0.5,1.0,26.585910814720638,0.4066666666666666,2.2519244148053965,196.59378006311175,61.0,negbin_glm,2023-01-01,15
1.0987184665812317,4.468121764097009,4.950975558937203,1.0145170470497684,0.6992952790281416,0.9454802269768469,0.16289599430643423,0.5,0.8666666666666667,28.324257489228536,0.40943677709524984,2.4229889718276025,103.65701202071664,61.0,random_forest,2023-01-01,15
1.5216752271183203,6.188145923614502,6.773076535322527,1.1994732904991656,1.1035581885791215,1.0678370844492315,-0.04723027813169649,0.5,0.5333333333333333,20.15752899646759,0.6857882237434387,1.3299646759033201,128.31704711914062,61.0,xgboost,2023-01-01,15
1.2958446155091814,5.269768103070671,6.0517270369804885,1.0709897665772814,0.9090492109546361,0.9897934734719808,0.25431688224759647,0.5,0.4666666666666667,43.20000392807409,1.0737541688497179,3.246246223957691,116.4520018682328,61.0,lightgbm,2023-01-01,15
2.0600319679171775,8.377463336196522,15.660370282288358,1.1853465049679917,1.6825161916341393,1.0236320433016313,0.3378323779293071,0.6666666666666666,0.6,51.57056943059606,3.135564137916978,2.0214928051426275,163.6334876896825,61.0,gompertz,2023-01-01,15
2.1745785269859192,8.843286009742739,17.198787188567163,1.172142887574634,1.8100557466450669,1.00710035967624,0.3378323779293071,0.6666666666666666,0.6666666666666666,54.782037846670256,3.4451821933589226,2.0330215913081022,171.41340054534908,61.0,logistic,2023-01-01,15
1.7647568195932655,7.176677733012613,13.83481060998487,1.1131708417205968,1.3653078912493768,0.9649357361973697,0.29650182105497697,0.6666666666666666,0.6666666666666666,44.90133961924739,2.752612955894454,1.737521006030285,144.28378136621197,61.0,bass,2023-01-01,15
4.0283048826612164,16.38177318948895,17.79815402368232,1.8775205957478092,4.017541060664259,1.378269778296324,-0.049046827290607886,0.3333333333333333,0.7333333333333333,47.533333333333346,0.6540000000000002,4.099333333333334,306.0700047005198,61.0,hier_bayes,2023-01-01,15
1.7446934670360021,7.095086765946409,10.260120202313322,1.23830491366843,1.6496231114146744,1.0194258616942458,0.044924518341663174,0.5,0.5333333333333333,33.045383233063504,1.0808977869896885,2.223640536316661,161.6270097962951,61.0,knn_lookalike,2023-01-01,15
3.3708913690697275,13.708291567550225,22.889138706088147,1.5072891009866358,3.2521566372987647,1.2166524718820004,0.2761154721545333,0.6666666666666666,0.26666666666666666,82.89820778848672,5.595246840413507,2.694573938435167,259.38155487522465,61.0,matrix_factorisation,2023-01-01,15
2.0311475409836066,8.26,9.120668429045791,1.3404618958047205,1.5065573770491805,1.2051939969126582,-0.07266196635645612,0.3333333333333333,0.6,40.76070809165311,0.6632370050584677,3.412833804106842,152.9,61.0,cluster_pool,2023-01-01,15
1.8256610912937137,7.424355104594436,13.454771325454223,1.118606026575899,1.5346332009719037,0.983046457835967,0.4025236843413021,0.6666666666666666,0.8,37.340481314948434,1.4474621865929187,2.2865859449019243,154.61262525928612,61.0,ensemble,2023-01-01,15
0.6801819711538462,14.147784999999999,20.419140785120007,0.8459127689760348,-0.3881701021634615,0.7274261874040774,-0.3746957034855548,0.3333333333333333,1.0,62.339646731260395,1.8910674198966557,4.342897253229383,127.26061874999999,208.0,heuristic,2025-03-20,10
16.63714567140432,346.05262996520986,573.6974662354022,2.5231658333507267,16.63714567140432,1.628294490312276,0.5950439809044195,0.8333333333333334,0.4,3296.2216554740744,21.14174526467926,308.48042028272806,3668.5262996520987,208.0,naive_family,2025-03-20,10
7.4911054919705435,155.81499423298732,341.88687139295786,1.3531467887426913,7.122515748380801,0.7627371525755403,0.22907152402348221,0.5,0.8,1773.6219226697704,5.376686233760422,171.98550603321658,1689.4832756632065,208.0,size_ratio,2025-03-20,10
3.772189362391778,78.46153873774898,102.80133912593125,1.735448684433085,3.772189362391778,1.179179355279233,0.14111491740216522,0.5,0.3,435.6740726527295,24.95010801062414,18.617299254648803,992.6153873774898,208.0,ridge,2025-03-20,10
0.9133649764171129,18.99799150947595,25.851902344716876,0.7967396968609787,0.8012558265374441,0.6509988874934003,0.06748974310538336,0.5,0.8,85.59119222158122,1.4977405752163724,7.061378646941749,374.66121191978834,208.0,lasso,2025-03-20,10
4.4201876796528525,91.93990373677933,181.45521930449536,1.303334331156886,4.346902586628102,0.9168245852833413,0.06748974310538336,0.5,0.5,520.7466794816322,29.12630573644812,22.948362211715104,1112.155738018645,208.0,elasticnet,2025-03-20,10
0.48596276477689,10.108025507359311,11.025957635503826,0.6695040345539428,0.03764625556935305,0.6020407290255462,0.2892430922759071,0.6666666666666666,0.9,66.79746585710461,1.5558612027307341,5.123885382979727,215.83042115842542,208.0,poisson_glm,2025-03-20,10
0.7298995193358148,15.181910002184946,18.91768232660808,0.8205019800147417,-0.08197204673537145,0.7459781270560166,-0.1538527086573974,0.5,0.8,62.435373886965024,2.0799999999999996,4.1635373886965015,190.94981427904273,208.0,negbin_glm,2025-03-20,10
1.0317366501919578,21.460122323992724,24.92208932923109,1.0417525747880938,0.4116747901082371,0.8576093923636838,-0.6564911374796382,0.3333333333333333,1.0,157.28363474397736,1.7823468800614388,13.946016594336294,293.6283563425133,208.0,random_forest,2025-03-20,10
1.483223823400644,30.851055526733397,34.19938409766869,1.1767798618558467,1.483223823400644,0.9647933830838026,0.4724282017376836,0.8333333333333334,0.8,107.52628784179687,2.3672525787353518,8.385376205444334,516.5105590820312,208.0,xgboost,2025-03-20,10
0.5893638761317945,12.258768623541325,14.03570484099483,0.8104096076990975,0.5201759165112742,0.6379188094794797,0.16565664216775916,0.5,0.9,69.07846073074593,1.7871232794434835,5.120722793631108,316.19659063434506,208.0,lightgbm,2025-03-20,10
2.7725664054138313,57.66938123260769,72.66391103833085,1.6117373806848667,2.7725664054138313,1.0597083377592482,-0.05521888072258639,0.5,0.2,296.8317907789168,14.562833249557425,15.120345828334248,784.693812326077,208.0,gompertz,2025-03-20,10
2.8190262571835776,58.63574614941841,74.51358072096194,1.5989393544011172,2.8190262571835776,1.0558436290074942,0.05521888072258639,0.5,0.3,307.2908611535925,15.716782413281644,15.012303702077606,794.3574614941841,208.0,logistic,2025-03-20,10
2.685181630184454,55.85177790783664,72.53330565544088,1.5623226388182734,2.6124916787390466,1.0039813514247455,0.05521888072258639,0.5,0.3,293.62994753120034,15.412328187098671,13.950666566021358,751.3982691777217,208.0,bass,2025-03-20,10
0.7954301046609772,16.544946176948326,20.522780106874322,0.896464505890593,0.25988910940192345,0.680049445729128,-0.11111322805758538,0.6666666666666666,1.0,55.02,1.9700000000000002,3.531999999999999,262.0569347556001,208.0,hier_bayes,2025-03-20,10
0.9154110190883635,19.04054919703796,22.448449814383004,1.013069326046448,0.58139659170796,0.7391822961652291,-0.04294801833978941,0.5,0.6,84.85515845886013,3.016988321109321,5.468527524776691,328.9304910752557,208.0,knn_lookalike,2025-03-20,10
0.7532418970100699,15.667431457809453,25.58750526366641,1.5288186201186789,-0.6841892892288632,0.8610636001816889,-0.7912810982182726,0.3333333333333333,0.5,111.09220772122546,1.9006072393083873,9.208613532814159,65.68862784039644,208.0,matrix_factorisation,2025-03-20,10
0.8207532051282052,17.071666666666665,23.902159944239347,1.0928832954120753,-0.3592147435897436,0.8536046815941593,-0.6542087819914851,0.3333333333333333,0.8,87.16108424079886,1.8507448738902734,6.8653635501896115,133.28333333333333,208.0,cluster_pool,2025-03-20,10
0.6037645055643777,12.558301715739054,14.862189962908827,0.8356097660187402,0.4984372619680997,0.6246035027266432,0.17792750455055614,0.5,1.0,75.49494797555101,1.953231318325311,5.596263479229789,311.67495048936473,208.0,ensemble,2025-03-20,10
0.6889919483418367,27.802851562500003,34.99556788488308,1.0375182175578446,-0.6105610992164724,0.8451980605141522,-0.01435097333736801,0.3333333333333333,0.9411764705882353,83.81211746208929,3.7878572590979114,4.593354487111017,267.15508593749996,686.0,heuristic,2025-05-26,17
2.66069905156052,107.36703231591275,169.04508855415278,1.6481444186733918,2.4961795840691727,1.181677808970771,0.6398112887466781,0.5,0.9411764705882353,1553.6586361199277,3.1757483568373988,152.19011525515532,2398.3791946714523,686.0,naive_family,2025-05-26,17
19.8333651080307,800.3346155358271,2059.458356764223,2.471259916005317,19.245245574503002,1.3544102134500366,0.3588230957067186,0.5,0.6470588235294118,9523.906858156282,48.82056335370755,903.5701224619206,13888.23846410906,686.0,size_ratio,2025-05-26,17
0.97190800703198,39.219346636702255,44.40064282470058,1.600176032275062,-0.5295688659015744,1.28080357158033,0.07352941176470588,0.3333333333333333,0.11764705882352941,254.24715458512287,5.991084528104862,19.433630930407418,322.71575799152,686.0,ridge,2025-05-26,17
0.8115644537645328,32.74901266367468,39.007086265739645,1.4514580853032262,-0.6411181570163739,1.1417109287026836,-0.17156862745098042,0.3333333333333333,0.29411764705882354,200.63365075201114,3.779858451190262,16.283506624010847,246.1929442867675,686.0,lasso,2025-05-26,17
0.8538231241310067,34.45427430316886,40.20130997539806,1.5586762718733578,-0.6444513346416539,1.216585855425996,-0.2034313725490196,0.3333333333333333,0.17647058823529413,221.56369657819863,4.078428487645767,18.077941170174103,243.9063844358254,686.0,elasticnet,2025-05-26,17
0.5880486519657441,23.729492661676495,31.38242891601657,1.0747528249049563,-0.5738137465010464,0.8064590328880898,0.5573472139499547,0.5,0.6470588235294118,116.5374758554848,3.553750778841585,8.099996806706896,292.36376990028214,686.0,poisson_glm,2025-05-26,17
0.6499141837117248,26.225948825073132,33.52820876278625,1.0817428792693915,-0.6310413342523189,0.8514997543600621,0.5573472139499547,0.5,0.4117647058823529,162.0133778298883,4.03529411764706,12.166043665341768,253.10564470290925,686.0,negbin_glm,2025-05-26,17
0.7991785215728926,32.24920387052967,40.510127280801804,1.5702631151038107,-0.7744758636207288,1.1515219387480529,-0.03431372549019608,0.3333333333333333,0.7647058823529411,148.25538043768555,3.9585831378562033,10.866954905912351,154.70955755618,686.0,random_forest,2025-05-26,17
0.7687759041438645,31.022368837805356,38.83135875886284,1.7991046669948432,-0.6512255630409752,1.1079636650784064,-0.08578431372549021,0.5,0.47058823529411764,189.98793955541709,3.798000879980185,15.20079307556152,239.25927734375,686.0,xgboost,2025-05-26,17
0.7315364336002725,29.51964667351688,38.164792334961916,1.6598359486835919,-0.6625285879457126,1.0397077281280196,-0.01715686274509804,0.5,0.4117647058823529,198.26379681029877,3.8273560295043616,15.999023651525514,231.50538866924114,686.0,lightgbm,2025-05-26,17
0.8814202085128763,35.567897825872535,40.953028050474494,1.367468662821188,-0.39820003691313965,1.1039565229076491,0.022058823529411766,0.3333333333333333,0.29411764705882354,187.37932509784886,5.748097929608968,12.98983458017592,412.8347746775862,686.0,gompertz,2025-05-26,17
0.916170352906676,36.970168358469394,42.12251964514559,1.4370098389720731,-0.44647774350285213,1.165274259270606,0.04166666666666667,0.3333333333333333,0.11764705882352941,213.42010237916972,5.873406709807289,15.468603528109682,379.7162679570434,686.0,logistic,2025-05-26,17
0.9341835035813022,37.69705196804549,42.833433467829686,1.4859950997830627,-0.4767531435229285,1.201278229905415,0.06372549019607844,0.3333333333333333,0.11764705882352941,228.55726200710026,5.902461969660574,16.953264231049456,358.9473435432709,686.0,bass,2025-05-26,17
0.538348009198751,21.72392554766725,25.459096806137104,0.7603544655031579,-0.12994844468429892,0.6150725824309055,0.1545064668090543,0.3333333333333333,0.8823529411764706,78.74705882352943,3.8647058823529403,4.01,596.8553669465709,686.0,hier_bayes,2025-05-26,17
1.1510768574441468,46.44933671804028,52.75479188598384,1.2138380019533102,0.4582056358231105,0.9869792119680257,-0.09558823529411767,0.3333333333333333,0.6470588235294118,197.96141540710266,3.7419550456621535,16.054186495048114,1000.3290661746539,686.0,knn_lookalike,2025-05-26,17
0.8355713023315892,33.71775961173354,41.856048314688266,1.6664644197266267,-0.8328948280056634,1.193170521653113,0.056372549019607844,0.5,0.29411764705882354,238.83509166717934,3.8756830925912547,20.007826074126676,114.63414798811486,686.0,matrix_factorisation,2025-05-26,17
0.9395529640427599,37.91372549019608,46.492643314323836,1.6768170612874846,-0.4308066083576288,1.1498906772538484,-0.2568435903702432,0.3333333333333333,0.5882352941176471,229.94761080297002,3.5796596373509315,19.415101442946067,390.46666666666664,686.0,cluster_pool,2025-05-26,17
0.6741068106794298,27.202192478005227,36.472572178946386,1.4389814578990066,-0.5786639691342238,0.881442147857393,-0.009803921568627453,0.5,0.5882352941176471,156.50123482006956,4.03529411764706,11.614829364359897,289.03651717392245,686.0,ensemble,2025-05-26,17
0.5996031484570475,14.108309375459942,21.845466759805564,0.7965517769426247,-0.4336211801501251,0.6741040611396959,0.4473481761637301,0.6666666666666666,0.9411764705882353,70.1751213999255,2.1597738110935887,4.85773832889896,226.55152793994995,400.0,heuristic,2026-05-26,17
1.933199236874101,45.48704086762591,55.8854879994124,1.4074841172316128,1.9019089142934558,1.0282239146312135,0.37162190205045176,0.5,1.0,828.58742993876,1.8776613780143012,80.98108161586167,1160.763565717382,400.0,naive_family,2026-05-26,17
1.7320352032345088,40.75376948787079,77.82176822892849,1.118537192357985,1.5720880797150505,0.8180358183325425,0.547576128080123,0.6666666666666666,1.0,656.9001933518384,1.8775955740556185,63.8124237611282,1028.8352318860202,400.0,size_ratio,2026-05-26,17
0.8244634892609856,19.399140923787893,24.804624559246584,1.0022691694590025,0.08237272134029251,0.7798804680172075,-0.10558642828450802,0.3333333333333333,0.6470588235294118,96.42134710429198,3.0234362861450697,6.618698424284126,432.949088536117,400.0,ridge,2026-05-26,17
0.5983412776821044,14.078618298402457,21.14603050280266,0.8227302612585464,-0.25351772920526516,0.6588853558100182,0.11540842161329945,0.3333333333333333,0.8235294117647058,71.76271936822944,1.9520434886224938,5.22422844820045,298.59290831789394,400.0,lasso,2026-05-26,17
0.6059409310569925,14.257433671929236,20.549442506634804,0.8129830452650174,-0.18583983479287677,0.6582534615570235,0.1534686457623663,0.5,0.8235294117647058,68.09295221874572,1.9021742581248706,4.9071209637496995,325.6640660828493,400.0,elasticnet,2026-05-26,17
0.8911376285688013,20.967944201618852,27.181564858505876,0.949477103128378,0.0343928954337716,0.8290833210000739,0.1006754316201123,0.3333333333333333,0.8235294117647058,98.85833342850914,1.9709660882801292,7.914867254570782,413.7571581735086,400.0,poisson_glm,2026-05-26,17
0.807536510548544,19.000859071730446,25.095672289711704,0.9095064282488668,-0.0034707636111294795,0.7880494452581184,0.06629845496934225,0.3333333333333333,0.8235294117647058,93.85621566099623,2.3529411764705883,7.032680389629034,398.6116945555482,400.0,negbin_glm,2026-05-26,17
0.631005918823996,14.847198089976377,18.054499679785756,0.8256947275924251,0.10843571659629682,0.6555569652934072,0.47882217477858285,0.6666666666666666,0.9411764705882353,91.11422617090732,2.0122942479375125,7.099128369153218,443.37428663851875,400.0,random_forest,2026-05-26,17
0.8201676297187805,19.29806187573601,24.24850430299792,1.061164755320936,0.0801254916191101,0.8076953510141875,-0.033149227484671126,0.16666666666666666,0.7058823529411765,75.87565579133876,2.0649726082296933,5.522592970904181,432.0502014160156,400.0,xgboost,2026-05-26,17
0.9013151947801046,21.207416347767168,25.380654762029618,1.108058815684288,0.3846972956913282,0.7988341630954146,-0.12523041494209092,0.16666666666666666,0.47058823529411764,90.91323996544503,3.876032844961782,5.21529115158272,553.8789182765313,400.0,lightgbm,2026-05-26,17
0.6270274220706366,14.753586401662035,21.909569344033336,0.7968926798877262,-0.20303060247468788,0.6745334821545237,0.11540842161329945,0.3333333333333333,0.7058823529411765,76.42165081099262,1.7160706813993645,5.926094399699895,318.7877590101249,400.0,gompertz,2026-05-26,17
0.6420937820086325,15.108088988438412,22.258984681555567,0.8232708253596793,-0.20043865019037305,0.6919609504102688,0.08594244162692513,0.3333333333333333,0.5882352941176471,79.53279532955956,1.7702849810103611,6.182994551945595,319.8245399238508,400.0,logistic,2026-05-26,17
0.6269448444168679,14.751643398043953,22.77970082760988,0.8278505262759533,-0.2886208951549211,0.669185821968818,0.11172517411500268,0.3333333333333333,0.6470588235294118,84.14129058462727,1.7464180286063273,6.667711029856401,284.55164193803154,400.0,bass,2026-05-26,17
0.6610539230190894,15.554209953390338,19.985397025814024,0.7279445235733869,0.44085754623179396,0.6244000271280621,0.6814007871849064,0.6666666666666666,1.0,71.92941176470589,2.129411764705882,5.063529411764706,576.3430184927175,400.0,hier_bayes,2026-05-26,17
0.9085269492088365,21.37710468726674,27.786975481515938,0.9386082102520513,0.34064565900954025,0.7618516053845846,0.19521211740972993,0.3333333333333333,0.5882352941176471,90.6105994826956,2.3808255272046934,6.680234421064866,536.2582636038162,400.0,knn_lookalike,2026-05-26,17
0.7872574953247259,18.523705772346492,25.475461038803868,0.9015002469505902,-0.23173431065717506,0.7853146289997339,0.20086010243057476,0.3333333333333333,0.8235294117647058,90.62627194374988,1.8882761853564645,7.174351009018523,307.30627573712997,400.0,matrix_factorisation,2026-05-26,17
0.89425,21.041176470588233,28.407397430214722,1.0204239986827814,-0.21225000000000002,0.8590262253803935,0.12585653647577363,0.3333333333333333,0.8823529411764706,111.54572463704437,1.9691873130470028,9.185385150657433,315.09999999999997,400.0,cluster_pool,2026-05-26,17
0.8843879019393855,20.80912710445613,24.729534480574728,1.0894283082612735,0.3503137738317368,0.798878108149228,-0.10681417745060696,0.16666666666666666,0.7647058823529411,72.78467225229775,2.0933874667086383,5.185079758521135,540.1255095326947,400.0,ensemble,2026-05-26,17
