wape,mae,rmse,rmsle,bias,smape,spearman,top6_hit,coverage80,interval_score,pinball10,pinball90,model,origin,n_test,n_train,cohort_units,pred_units
0.7784392857142856,27.245374999999996,28.63474872914463,1.5626125393795776,-0.7784392857142856,1.3037650927368523,0.632455532033676,1.0,0.5,92.47076387463127,3.349766419481947,5.897309967981181,heuristic,2020-11-07,4,30,140.0,31.018499999999996
1.0,35.0,36.68787265568828,3.544259565401624,-1.0,2.0,,1.0,0.0,311.5269397094004,3.5000000000000004,27.652693970940042,naive_family,2020-11-07,4,30,140.0,0.0
0.4392857142857142,15.374999999999998,15.892215075312816,1.5064670040565111,-0.16071428571428567,0.7760713862408777,0.9486832980505139,1.0,0.75,117.08474999375916,2.5870119574820296,9.121463041893886,size_ratio,2020-11-07,4,30,140.0,117.5
0.7675195478085007,26.863184173297526,28.26416045907914,1.474283296587472,-0.7675195478085007,1.2567304895491125,0.39999999999999997,1.0,0.0,206.10444259515558,3.090856643754674,17.519587615760887,ridge,2020-11-07,4,30,140.0,32.547263306809896
0.6500951599554963,22.753330598442368,24.25687858338576,1.0672210627316587,-0.6500951599554963,0.9617426353127855,0.632455532033676,1.0,0.0,138.03886370626938,2.862277474562183,10.941608896064755,lasso,2020-11-07,4,30,140.0,48.98667760623053
0.6774632550697515,23.7112139274413,25.18630461530924,1.1654242538180501,-0.6774632550697515,1.0300313571570388,0.39999999999999997,1.0,0.0,158.32003528878826,2.899241964042076,12.932761564836754,elasticnet,2020-11-07,4,30,140.0,45.1551442902348
0.65893841430068,23.062844500523802,25.5518061290262,1.0298282995302461,-0.65893841430068,0.9124014852202478,,1.0,0.25,116.33656353378714,3.0287749129458272,8.604881440432889,poisson_glm,2020-11-07,4,30,140.0,47.74862199790479
0.6280820344254758,21.982871204891655,24.581428485969948,0.9550092596635279,-0.6280820344254758,0.8446027173861175,,1.0,0.25,149.1232588954104,3.2573466685123846,11.654979221028656,negbin_glm,2020-11-07,4,30,140.0,52.06851518043337
0.32609034815913795,11.413162185569828,13.577425428645896,0.42185170832894736,-0.31367011086728436,0.35483760820526533,0.7999999999999999,1.0,1.0,52.49713243638031,2.721380579502242,2.528332664135789,random_forest,2020-11-07,4,30,140.0,96.0861844785802
0.5229065486363003,18.301729202270508,20.247630745309518,0.7342062019077812,-0.5229065486363003,0.6688094746251364,0.39999999999999997,1.0,0.75,72.15181756019592,2.3477566003799435,4.867425155639648,xgboost,2020-11-07,4,30,140.0,66.79308319091797
0.5371649853728233,18.800774488048816,20.397275631366337,0.7972759473656459,-0.5371649853728233,0.7242419782226024,0.7999999999999999,1.0,0.25,77.17664290771826,2.585741750437456,5.1319225403343705,lightgbm,2020-11-07,4,30,140.0,64.79690204780474
0.8090226594407693,28.31579308042693,29.408560087913287,2.502444337608702,-0.8090226594407693,1.5252811646005204,0.632455532033676,1.0,0.0,226.51646995762647,3.132553339726968,19.51909365603568,gompertz,2020-11-07,4,30,140.0,26.73682767829228
0.8152336647450413,28.533178266076447,29.663933245333624,2.4246306881822113,-0.8152336647450413,1.5205550672085313,0.39999999999999997,1.0,0.0,228.76682723280595,3.1491110458830027,19.72757167739759,logistic,2020-11-07,4,30,140.0,25.867286935694217
0.8134802691744771,28.4718094211067,29.649299463223016,2.316581268320638,-0.8134802691744771,1.4969928305190316,0.39999999999999997,1.0,0.0,225.3104869204274,3.1533618301128032,19.377686861929938,bass,2020-11-07,4,30,140.0,26.112762315573203
0.2336400779521334,8.177402728324669,8.494937071707602,0.2595560559678785,-0.0049080549020656256,0.24888409303867803,0.39999999999999997,1.0,1.0,64.25,2.8000000000000003,3.624999999999999,hier_bayes,2020-11-07,4,30,140.0,139.3128723137108
0.26403604809594783,9.241261683358173,11.069133412104119,0.3445207578435795,-0.1565708550166394,0.2939264481380356,0.39999999999999997,1.0,0.75,68.1832917255128,2.199639146397414,4.618690026153866,knn_lookalike,2020-11-07,4,30,140.0,118.08008029767049
0.4779407630199199,16.727926705697197,21.065240096167862,0.7396088917389926,-0.4779407630199199,0.563854899742241,-0.632455532033676,1.0,0.5,113.36207348864949,2.3341965692107216,9.00201077965423,matrix_factorisation,2020-11-07,4,30,140.0,73.08829317721121
0.4857142857142857,17.0,22.315913604421397,0.8501064268934001,-0.4857142857142857,0.5839080459770114,-0.632455532033676,1.0,0.5,98.72025693875977,2.667481634347577,7.204544059528401,cluster_pool,2020-11-07,4,30,140.0,72.0
0.49093593592049456,17.18275775721731,18.967387974318925,0.6963233581543856,-0.49093593592049456,0.6277317776423076,0.39999999999999997,1.0,0.75,66.49375970378135,3.095331900443475,3.5540440699346596,ensemble,2020-11-07,4,30,140.0,71.26896897113075
0.8266702479572507,93.41373801916933,102.10425329701651,1.8611246678438065,-0.8266702479572507,1.3966998770567838,0.5,1.0,0.3333333333333333,540.6848797636973,10.825135570050819,43.24335240631891,heuristic,2022-03-04,3,47,339.0,58.75878594249201
0.41519446750801875,46.91697482840612,56.70785268257398,0.558523648193742,-0.41519446750801875,0.4927463856602771,1.0,1.0,1.0,478.38189140429495,10.477102846544385,37.3610862938851,naive_family,2022-03-04,3,47,339.0,198.24907551478165
0.6251229105211407,70.6388888888889,86.10906832057528,1.1136936093842422,-0.6251229105211407,0.8684906806427626,0.5,1.0,0.6666666666666666,244.29244500538428,10.3385441305728,14.09070036996563,size_ratio,2022-03-04,3,47,339.0,127.08333333333334
0.9208423030738334,104.05518024734317,112.4611105854166,2.5021994444972386,-0.9208423030738334,1.681635571216294,0.5,1.0,0.0,967.4985395743212,10.865032115737472,85.88482184169465,ridge,2022-03-04,3,47,339.0,26.8344592579705
0.8385248609805831,94.75330929080589,103.8174899189573,1.806721622110205,-0.8385248609805831,1.4049332860756352,0.5,1.0,0.0,810.0129490778845,10.356097122432185,70.64519778535627,lasso,2022-03-04,3,47,339.0,54.74007212758233
0.8285993316118098,93.63172447213451,102.83110545945462,1.7698929604857159,-0.8285993316118098,1.3780471842731654,0.5,1.0,0.0,802.1626946588402,10.25519272279991,69.9610767430841,elasticnet,2022-03-04,3,47,339.0,58.10482658359649
0.6449950829506197,72.88444437342002,84.34932660246211,1.0169297775736514,-0.6449950829506197,0.8798945763385625,,1.0,0.6666666666666666,352.3250860951157,9.510722416033463,25.721786193478106,poisson_glm,2022-03-04,3,47,339.0,120.34666687973996
0.6768657256731672,76.48582700106789,87.4799885614073,1.1036298568025416,-0.6768657256731672,0.9526736471049085,,1.0,0.0,539.9080719678797,10.460460175641778,43.530347021146184,negbin_glm,2022-03-04,3,47,339.0,109.54251899679636
0.8318445895159132,93.9984386152982,102.88408116958733,1.7287104575502774,-0.8318445895159132,1.3804899867304699,0.5,1.0,0.3333333333333333,502.0517757132349,11.069737288778652,39.135440282544835,random_forest,2022-03-04,3,47,339.0,57.004684154105405
0.9007053544036056,101.77970504760742,108.92636129278539,2.2254429203893227,-0.9007053544036056,1.6345992163152223,1.0,1.0,0.0,834.2658659617106,10.507929865519207,72.91865673065185,xgboost,2022-03-04,3,47,339.0,33.660884857177734
0.9131867272576616,103.19010018011575,111.35180350057617,2.321225976826124,-0.9131867272576616,1.6528289011530937,0.5,1.0,0.0,726.9217638425768,10.665991335795221,62.026185048462445,lightgbm,2022-03-04,3,47,339.0,29.42969945965271
0.9403628077261601,106.26099727305609,114.79382797810356,3.3174770066434807,-0.9403628077261601,1.762651271760844,0.5,1.0,0.0,997.6539321526894,10.974183662313747,88.79120955295521,gompertz,2022-03-04,3,47,339.0,20.21700818083168
0.9397912560574702,106.19641193449412,114.57181671257003,3.292211075963412,-0.9397912560574702,1.7632074690450015,0.5,1.0,0.0,997.764831635976,10.96729546215655,88.80918770144105,logistic,2022-03-04,3,47,339.0,20.41076419651762
0.9391215110970722,106.12073075396916,114.4586394155607,3.2279767784389892,-0.9391215110970722,1.7609101221837997,0.5,1.0,0.0,996.0685860365656,10.964417990196461,88.64244061346011,bass,2022-03-04,3,47,339.0,20.637807738092505
0.7291352544917451,82.3922837575672,95.27571476482946,1.4238124090791504,-0.7291352544917451,1.1028504018887102,0.5,1.0,0.3333333333333333,616.6666666666666,10.566666666666668,51.1,hier_bayes,2022-03-04,3,47,339.0,91.82314872729842
0.4890116423898914,55.25831559005773,71.01232919731517,0.8221023714264407,-0.4732726241326157,0.63795559139193,0.5,1.0,0.6666666666666666,119.68205164887763,8.3923182968727,3.575886868015061,knn_lookalike,2022-03-04,3,47,339.0,178.56058041904328
0.7349297892470512,83.04706618491679,95.45781721194471,1.3779477174316355,-0.7349297892470512,1.094031912984584,0.5,1.0,0.0,665.8310435911226,9.505361444835566,57.07774291427669,matrix_factorisation,2022-03-04,3,47,339.0,89.85880144524964
0.7374631268436578,83.33333333333333,99.61007311846862,1.7124527766334081,-0.7374631268436578,1.160525908436923,0.5,1.0,0.3333333333333333,638.597889028285,10.285310515404788,53.57447838742371,cluster_pool,2022-03-04,3,47,339.0,89.0
0.8572364152978893,96.86771492866148,105.575902811077,1.8617896789527775,-0.8572364152978893,1.4559351653204604,0.5,1.0,0.0,625.4354014225548,11.266107950665662,51.27743219158983,ensemble,2022-03-04,3,47,339.0,48.39685521401551
0.47072277593207823,21.18252491694352,21.779390958940642,0.6233101089863171,-0.47072277593207823,0.6098951404592353,1.0,1.0,1.0,83.02933457950765,3.9147524870676307,4.388180970883135,heuristic,2022-09-27,3,50,135.0,71.45242524916944
1.6497177519070174,74.23729883581579,100.9087124949331,1.1374468908873676,0.8814550875991553,1.0104545576916613,0.5,1.0,1.0,594.0475238920752,3.389241005601223,56.01551138360629,naive_family,2022-09-27,3,50,135.0,253.99643682588595
0.839834180536812,37.79253812415654,39.45761547659069,1.0462826543920267,-0.049106560203928916,0.9609500013200235,0.5,1.0,1.0,174.0144072737742,3.559891493535604,13.841549233841818,size_ratio,2022-09-27,3,50,135.0,128.3706143724696
0.8387085563867307,37.74188503740288,38.812130298707935,2.9738108395572542,-0.8387085563867307,1.5841806581375633,0.5,1.0,0.0,310.11079640894576,4.104167626734178,26.906912014160397,ridge,2022-09-27,3,50,135.0,21.77434488779135
0.6829400452907597,30.732302038084185,35.1154616755169,2.5603318447330854,-0.6829400452907597,1.3384370569647912,0.5,1.0,0.3333333333333333,266.44422033504924,3.7957040885237068,22.848717944981214,lasso,2022-09-27,3,50,135.0,42.80309388574744
0.6945502787837595,31.254762545269177,35.24363479423356,2.563555032823553,-0.6945502787837595,1.3516752649277273,0.5,1.0,0.3333333333333333,265.2754201422808,3.7721866296577176,22.75535538457036,elasticnet,2022-09-27,3,50,135.0,41.23571236419247
0.6663855284965067,29.987348782342803,35.47456677712727,2.9102413869450934,-0.6663855284965067,1.3499891430891597,-0.5,1.0,0.3333333333333333,286.9972959881292,3.8662081653227403,24.83352143349018,poisson_glm,2022-09-27,3,50,135.0,45.03795365297159
0.636146240525954,28.626580823667933,35.3554657819029,2.8875077127695685,-0.6299419067557936,1.3190898382739442,-0.5,1.0,0.3333333333333333,307.9351312602449,4.2068508886041975,26.586662237420295,negbin_glm,2022-09-27,3,50,135.0,49.95784258796785
0.16411460327583838,7.385157147412727,8.692196250897828,0.193420431022908,-0.16411460327583838,0.16878942590352505,1.0,1.0,1.0,83.08113474553,3.1028256161018213,5.205287858451176,random_forest,2022-09-27,3,50,135.0,112.8445285577618
0.6231241438123915,28.040586471557617,28.83539863951654,0.9523745993513114,-0.6231241438123915,0.8940687106366386,-0.5,1.0,1.0,69.71624938646953,4.182438333829244,2.789186604817708,xgboost,2022-09-27,3,50,135.0,50.87824249267578
0.6890022951192727,31.00510328036727,31.556183519575505,1.1318043700930285,-0.6890022951192727,1.0464160892009224,-0.5,1.0,1.0,56.750525561171095,3.490432222253105,2.184620333864004,lightgbm,2022-09-27,3,50,135.0,41.98469015889819
0.8632650461653689,38.8469270774416,39.50497550677597,2.8106286694346037,-0.8632650461653689,1.6205198606293767,0.5,1.0,0.0,321.57785197532735,4.199216377926862,27.958568819605873,gompertz,2022-09-27,3,50,135.0,18.459218767675196
0.8546502070490051,38.45925931720523,39.18401937299807,2.7903514021305957,-0.8546502070490051,1.6025323964514009,0.5,1.0,0.0,316.6660562575553,4.175390061777857,27.491215563977672,logistic,2022-09-27,3,50,135.0,19.62222204838433
0.8521890214379986,38.348505964709936,39.09866109610679,2.7895559883164043,-0.8521890214379986,1.5978396848069971,0.5,1.0,0.0,315.1822134163172,4.167770222562454,27.350451119069266,bass,2022-09-27,3,50,135.0,19.9544821058702
0.6988741419708123,31.449336388686557,31.46292626645369,1.2353554721568714,-0.24509104765932616,0.9866673735790156,0.5,1.0,0.3333333333333333,176.69999999999993,3.9,13.76999999999999,hier_bayes,2022-09-27,3,50,135.0,101.91270856599097
0.2523196104888402,11.354382471997809,17.530039858546512,0.27118112093932056,0.22842701307755764,0.18477294396708024,1.0,1.0,0.6666666666666666,64.93720873925783,2.5061778752114354,3.9875429987143463,knn_lookalike,2022-09-27,3,50,135.0,165.83764676547028
0.2562039906147476,11.52917957766364,13.067138439936308,0.3392595159241914,-0.2562039906147476,0.3022615570665181,1.0,1.0,0.6666666666666666,39.46143614014893,2.4549286475223315,1.4912149664925618,matrix_factorisation,2022-09-27,3,50,135.0,100.41246126700909
0.29071038251366116,13.081967213114751,14.46998456402658,0.2584466036804299,0.29071038251366116,0.24699011142491836,1.0,1.0,1.0,158.29447742555587,2.6379913666376034,13.19145637591798,cluster_pool,2022-09-27,3,50,135.0,174.24590163934425
0.6583415013989631,29.62536756295334,30.206619030342072,1.0995582057028295,-0.6583415013989631,0.9998992185663319,0.5,1.0,1.0,72.42758740722077,4.443244966041294,2.7995137746807814,ensemble,2022-09-27,3,50,135.0,46.123897311139984
1.4520262223974765,17.811521661409042,21.17256266522599,1.2092647145347162,1.0472437851460707,0.9420439658983357,0.011765288849622735,0.5,0.6,101.74961238827032,1.6940795572682732,8.480881681558758,heuristic,2023-01-01,15,54,184.0,376.69285646687695
11.615471187838232,142.4831132374823,150.88583706037423,2.786254575823691,11.615471187838232,1.6911541882549903,0.03797623586176488,0.3333333333333333,0.2,1176.6838566443907,10.532229061982035,107.13615660245702,naive_family,2023-01-01,15,54,184.0,2321.2466985622345
8.379759571464446,102.79171740996387,111.60566681310871,2.5154951206847396,8.379759571464446,1.5871158430465704,-0.018083921838935653,0.5,0.13333333333333333,633.3904697608588,14.225383939367326,49.11366303671854,size_ratio,2023-01-01,15,54,184.0,1725.875761149458
2.2441523566482626,27.52826890821869,47.261601311092726,1.1763770568025422,2.2441523566482626,0.9292176490855083,0.6350636279711983,0.8333333333333334,0.26666666666666666,156.67960767819434,9.742924572800433,5.925036195019004,ridge,2023-01-01,15,54,184.0,596.9240336232803
2.93469780117056,35.99895969435887,38.5685398483713,1.6713055066606781,2.911240639759121,1.2648193604177131,0.34359451493977744,0.6666666666666666,0.06666666666666667,196.10649004027957,10.64126322067656,8.969385783351395,lasso,2023-01-01,15,54,184.0,719.6682777156784
2.595496797968925,31.83809405508548,38.251333701134605,1.4756556188551184,2.595496797968925,1.1821776407911906,0.6296968930869348,0.6666666666666666,0.06666666666666667,176.77042299652967,10.400210281999335,7.276832017653631,elasticnet,2023-01-01,15,54,184.0,661.5714108262821
3.254752754240461,39.924967118682986,41.51305077347107,1.699697567563491,3.254752754240461,1.3209863509340143,0.49658928188055323,0.5,0.06666666666666667,196.12700105888683,6.668520042051117,12.944180063837555,poisson_glm,2023-01-01,15,54,184.0,782.8745067802448
3.055447860911104,37.48016042717621,38.28531280103994,1.7272231672122995,3.055447860911104,1.293182769802867,0.49658928188055323,0.5,0.5333333333333333,100.57882369517863,2.2449716633989576,7.812910706118903,negbin_glm,2023-01-01,15,54,184.0,746.2024064076433
2.913448118769431,35.73829692357169,37.72004253236347,1.7255513011501649,2.702432796652553,1.2632736638081943,-0.28108518754186695,0.3333333333333333,0.2,234.31918286133592,11.590014892991325,11.84190339314227,random_forest,2023-01-01,15,54,184.0,681.2476345840698
3.4691644336866294,42.555083719889325,45.45237759338857,1.8454278255172731,3.1886772072833516,1.3338935037771924,-0.3679063371131357,0.3333333333333333,0.2,189.15182971954346,12.717185281117759,6.197997690836588,xgboost,2023-01-01,15,54,184.0,770.7166748046875
4.542451883103407,55.720743099401794,58.681336272947405,2.0426732948696653,4.5424340415791375,1.4167759027301072,-0.045209804597339136,0.3333333333333333,0.06666666666666667,347.8121329667228,27.96725828198799,6.813955014684283,lightgbm,2023-01-01,15,54,184.0,1019.8078636505611
1.9293464344589046,23.66664959602923,30.768018489115263,1.2667686371960298,1.9091838315043275,1.005240032522568,0.5688738977319466,0.8333333333333334,0.2,130.4921299381732,7.3422350101273475,5.706977983689972,gompertz,2023-01-01,15,54,184.0,535.2898249967964
1.8600677537599022,22.816831112788133,29.607069161159682,1.2423328341091586,1.814880260081749,0.9913129002676979,0.5688738977319466,0.8333333333333334,0.2,125.07669942214382,7.094490914858148,5.413179027356234,logistic,2023-01-01,15,54,184.0,517.9379678550417
1.8438753756306385,22.618204607735834,29.420461695257114,1.2345082151338589,1.7923565175541525,0.9868497491305182,0.5688738977319466,0.8333333333333334,0.2,123.84813865852584,7.05072615202966,5.334087713822924,bass,2023-01-01,15,54,184.0,513.7935992299641
5.01385132342482,61.5032429006778,66.01590719184131,2.1228171397494084,4.926134457283373,1.436103039656671,-0.21519866988333428,0.3333333333333333,0.26666666666666666,189.87333333333336,5.054,13.933333333333334,hier_bayes,2023-01-01,15,54,184.0,1090.4087401401405
2.909979473592457,35.695748209400804,37.03197379112711,1.667824715885771,2.796755963643926,1.2777578105922633,0.25581436281656716,0.5,0.13333333333333333,201.05115696573057,12.538535495372676,7.566580201200377,knn_lookalike,2023-01-01,15,54,184.0,698.6030973104824
2.688007171240341,32.972887967214845,40.54936636498989,1.514346322157761,2.688007171240341,1.199691079791748,0.5985778128687701,0.6666666666666666,0.06666666666666667,212.11396655971402,15.314164160015745,5.897232495955658,matrix_factorisation,2023-01-01,15,54,184.0,678.5933195082229
3.11208125445474,38.17486338797814,40.67738759001661,1.749070059291246,2.696632216678546,1.3202294300119675,-0.039784628045658445,0.5,0.2,192.75705961281488,6.3666184820384215,12.909087479243063,cluster_pool,2023-01-01,15,54,184.0,680.1803278688525
4.3000782542004785,52.7476265848592,55.39828084929546,1.9954505440003218,4.286613268985333,1.4024611570150687,0.042933879074109185,0.5,0.06666666666666667,220.40991915468896,13.758561871955731,8.282430043513159,ensemble,2023-01-01,15,54,184.0,972.7368414933012
0.7194799623671783,50.78329401041666,74.04282163152014,1.3804574639660039,-0.6430150531286895,1.0059630311040066,0.2531681017238376,0.3333333333333333,0.6666666666666666,199.33537347262794,6.780943229677477,13.152594117585318,heuristic,2025-03-20,12,72,847.0,302.36625
9.286773001356616,655.4913943457545,1091.3988289102474,2.77011346952558,9.286773001356616,1.4765083410214084,0.7060180864974626,0.8333333333333334,0.5833333333333334,5905.644354902625,34.116043061754674,556.4483924285076,naive_family,2025-03-20,12,72,847.0,8712.896732149055
3.234313434164919,228.28862322814052,534.6022644206646,1.4446558668193052,2.6624590590318555,0.9935397050221425,0.5185386805132409,0.5,0.6666666666666666,1612.6343314587793,11.803753263092736,149.45967988278517,size_ratio,2025-03-20,12,72,847.0,3102.1028229999815
5.288011444400048,373.2454744505701,926.7959411798379,1.9331750011753928,4.592618258707189,1.1579658395456087,-0.06993006993006995,0.3333333333333333,0.25,2394.065237862795,155.65148038330878,83.75504340297076,ridge,2025-03-20,12,72,847.0,4736.947665124989
1.420631470225491,100.27290460674924,184.05535070592674,1.5593417677575294,0.8543777958131131,0.8840753883037601,0.20423041640915962,0.3333333333333333,0.4166666666666667,503.400336194952,22.51201758033537,27.828016039159824,lasso,2025-03-20,12,72,847.0,1570.6579930537068
1.5442327330755816,108.99709374291814,207.90266474371634,1.5553102497519034,0.9917983016553322,0.8991380521601412,0.2517482517482518,0.3333333333333333,0.5,581.2759250744074,28.55943033456559,29.56816217287516,elasticnet,2025-03-20,12,72,847.0,1687.0531615020664
0.6417438830989669,45.29642241540208,66.2278504131537,1.3009316755872986,-0.3935196704160687,0.8479642423722519,-0.03852895575860905,0.3333333333333333,0.6666666666666666,225.34315285075442,6.362015254606537,16.1723000304689,poisson_glm,2025-03-20,12,72,847.0,513.6888391575898
0.6387606557291046,45.08585628354596,66.00120256262521,1.3091400754512341,-0.40760445362518705,0.8494000681253668,-0.0035026323416917316,0.3333333333333333,0.4166666666666667,298.3410911502073,6.678772708213612,23.15533640680712,negbin_glm,2025-03-20,12,72,847.0,501.7590277794666
0.6846912193471216,48.327788565584335,61.97422579769637,1.660566173348432,-0.16042850708441544,0.7972677628420883,-0.02097902097902098,0.3333333333333333,0.8333333333333334,217.03856643339873,8.741100300704298,12.962756342635567,random_forest,2025-03-20,12,72,847.0,711.1170544995001
0.5956645907027099,42.043992360432945,50.34218213312895,1.80812109997116,0.42723681597388763,0.7054068358990194,0.5594405594405596,0.6666666666666666,0.5833333333333334,156.72594356536865,8.765716775258383,6.906877581278482,xgboost,2025-03-20,12,72,847.0,1208.86962890625
0.6308114424440202,44.5247743125071,48.640770172222645,1.693911090561804,0.25288725250584937,0.7477918155250971,0.6643356643356644,0.6666666666666666,0.4166666666666667,192.99816011432463,9.846538169543503,9.453277841888962,lightgbm,2025-03-20,12,72,847.0,1061.1955028724544
2.500294400255888,176.47911308472808,391.47860068796604,1.310277991011025,1.9875974164814953,1.0183072180025952,0.44055944055944063,0.3333333333333333,0.3333333333333333,1016.601827224555,55.474322022750464,46.18586069970501,gompertz,2025-03-20,12,72,847.0,2530.4950117598273
2.943957441587152,207.79432941869314,485.9437912627671,1.357600245051438,2.386736988791715,1.0425568686724536,0.44055944055944063,0.3333333333333333,0.3333333333333333,1249.5945970859987,71.17361998322284,53.78583972537702,logistic,2025-03-20,12,72,847.0,2868.5662295065827
3.129475125672857,220.88878595374248,525.5590214722647,1.3325691492813851,2.5559340389916194,1.0436871324656887,0.44055944055944063,0.3333333333333333,0.3333333333333333,1343.530587765687,77.62439084449922,56.72866793206947,bass,2025-03-20,12,72,847.0,3011.8761310259015
0.6007930377937091,42.4059752509393,51.368951446986806,1.4443084804178243,-0.04104318881466093,0.7677818099880717,0.5789509323035658,0.5,0.8333333333333334,145.35833333333338,6.7924999999999995,7.743333333333335,hier_bayes,2025-03-20,12,72,847.0,812.2364190739822
0.4193337899050512,29.5979766707982,35.241759105714074,1.1832281930320978,0.04053588752117762,0.6640794132794406,0.7342657342657343,0.5,0.6666666666666666,159.40459775176956,7.592226893208316,8.34823288196864,knn_lookalike,2025-03-20,12,72,847.0,881.3338967304375
0.7067984378400737,49.8881897375452,72.57319699101761,1.3459792499020051,-0.624902440366902,0.9954229027943452,0.3986045639319472,0.5,0.3333333333333333,350.9998704761449,6.558146645446789,28.541840402167708,matrix_factorisation,2025-03-20,12,72,847.0,317.707633009234
0.7501887084599455,52.95081967213115,70.22922462415899,1.4882264285517977,-0.5044806162540887,1.0590568364516124,0.05996705829064691,0.5,0.5,215.85008977361804,6.835102588846074,14.749906388515727,cluster_pool,2025-03-20,12,72,847.0,419.70491803278685
0.5594777033078772,39.489801225147666,43.89114026451281,1.5907461831926564,0.15139993514463962,0.7192288180579479,0.8111888111888113,0.6666666666666666,0.6666666666666666,130.04715816410422,6.347762635267242,6.6569531811431775,ensemble,2025-03-20,12,72,847.0,975.2357450675098
0.7661647248065386,114.6542976416373,131.0366787958537,1.4416773124003113,-0.7661647248065386,1.1051986019461286,0.01109618970816273,0.3333333333333333,0.4117647058823529,425.60515214189104,14.19751271783717,28.36300249635194,heuristic,2025-05-26,17,79,2544.0,594.8769400921658
1.320527786333698,197.61309931958397,309.03577298324876,2.009833503526882,0.9211224732744294,0.9732588375765826,0.4972455849925612,0.5,0.7058823529411765,2613.231023718783,11.926089722882574,249.39701264899566,naive_family,2025-05-26,17,79,2544.0,4887.335572010148
5.934022822227889,888.0090623381029,2262.395293950666,1.8270463380772148,5.378590104722647,1.1912680386829548,0.24614814926273137,0.3333333333333333,0.7647058823529411,7109.599847183017,78.6530691296507,632.3069155886508,size_ratio,2025-05-26,17,79,2544.0,16227.133226414415
0.8310347219058134,124.36190191343466,147.51682262182757,1.3776117895240554,-0.2171860382428036,0.9405204181058648,-0.45861443322687545,0.16666666666666666,0.35294117647058826,786.1541464366608,22.492624058562537,56.12279058510353,ridge,2025-05-26,17,79,2544.0,1991.4787187103077
0.6762053241783808,101.19213792410592,117.43208525309238,1.249286739655325,-0.5325167276617605,0.8983860835809578,-0.3715512654217734,0.16666666666666666,0.4117647058823529,647.5160634831651,11.86172893810204,52.88987741021447,lasso,2025-05-26,17,79,2544.0,1189.2774448284813
0.685418547805338,102.57086974216351,120.9660140777614,1.2899525319103724,-0.4070615494699622,0.8783365961578011,-0.29307179021717444,0.16666666666666666,0.4117647058823529,657.717549362433,13.226391940710723,52.54536299553257,elasticnet,2025-05-26,17,79,2544.0,1508.4354181484164
0.5170731323154548,77.37847344767748,92.83876987976501,0.9114048006051382,-0.351072056808361,0.6562113889833876,-0.01665664167943295,0.5,0.6470588235294118,412.076718900051,12.00260971822447,29.20506217178063,poisson_glm,2025-05-26,17,79,2544.0,1650.8726874795293
0.5415386665386842,81.03966868673015,95.19978985807295,0.9051152613301489,-0.4161699204665915,0.6845604456495292,0.11412884113685541,0.6666666666666666,0.5882352941176471,463.58076873810165,14.375525491448883,31.982551382361287,negbin_glm,2025-05-26,17,79,2544.0,1485.2637223329912
0.7998395324226648,119.69363355783878,140.05020900777433,1.8267173571377153,-0.7997327256911815,1.1746655298913322,-0.6094421746357142,0.16666666666666666,0.35294117647058826,717.8566340820892,14.296531239465706,57.489132168743225,random_forest,2025-05-26,17,79,2544.0,509.47994584163445
0.770983542661247,115.37541956060073,135.11533179623,1.6840368082173158,-0.7462750467114478,1.1059681908603094,-0.5812386132340613,0.16666666666666666,0.29411764705882354,901.9998398107641,13.20383931608761,76.9961446649888,xgboost,2025-05-26,17,79,2544.0,645.4762573242188
0.7500327354389388,112.24019287980354,132.4414104473933,1.6762176555386175,-0.686152698066996,1.076914760497628,-0.5469038428320494,0.16666666666666666,0.23529411764705882,875.7570585679322,12.871515421790201,74.704190435003,lightgbm,2025-05-26,17,79,2544.0,798.4275361175621
0.7343701235260741,109.89632907354897,124.78165263034519,1.2058240144174184,-0.283172449405701,0.8787789117663498,-0.4414470480258694,0.16666666666666666,0.35294117647058826,633.4236610386916,16.402134592620445,46.940231511248726,gompertz,2025-05-26,17,79,2544.0,1823.6092887118966
0.7501713885004809,112.26094190266019,127.48557142478201,1.2466543499348923,-0.2920511523600979,0.8999918270916099,-0.4475782570262287,0.16666666666666666,0.4117647058823529,665.5127535399363,16.99634730415992,49.554928049833705,logistic,2025-05-26,17,79,2544.0,1801.0218683959108
0.7559788139471821,113.13000604009596,128.50521112266642,1.2605379440811042,-0.29333196172009257,0.9069287070224569,-0.4475782570262287,0.16666666666666666,0.4117647058823529,675.853513748216,17.228753296229208,50.356598078592384,bass,2025-05-26,17,79,2544.0,1797.7634893840843
0.5172317243635328,77.40220628122515,85.51235078400455,0.7354652683424127,-0.047075745649256526,0.5811684432475074,-0.27423312883435585,0.3333333333333333,0.8823529411764706,325.2117647058824,13.829411764705883,18.691764705882353,hier_bayes,2025-05-26,17,79,2544.0,2424.2393030682915
0.6929438610692348,103.69701073883138,124.33535068199033,1.0910652391099942,0.017150132127675424,0.7922691024965322,-0.1030043112060362,0.3333333333333333,0.6470588235294118,598.1099374132529,12.507389111168928,47.30360463015636,knn_lookalike,2025-05-26,17,79,2544.0,2587.629936132806
0.7514976816999659,112.45941777910078,129.81220277282785,1.564826525296694,-0.7312022449824418,1.0804694259472254,-0.28571433941674323,0.16666666666666666,0.29411764705882354,829.6475386585819,13.050242245165595,69.91451162069261,matrix_factorisation,2025-05-26,17,79,2544.0,683.8214887646681
0.8312164913908651,124.3891031822565,142.64421996109618,1.940125993272088,-0.5930089442210538,1.179101233147968,-0.3743137663974946,0.16666666666666666,0.4117647058823529,874.9582718314724,13.346211891120648,74.14961529202658,cluster_pool,2025-05-26,17,79,2544.0,1035.3852459016393
0.6279887693445327,93.97667230661715,109.74165415903086,1.1106012889703463,-0.5130820146980682,0.8283645341976298,-0.29920299921753374,0.16666666666666666,0.4117647058823529,493.4504225857774,14.878379667205788,34.46666259137194,ensemble,2025-05-26,17,79,2544.0,1238.7193546081144
0.7092118139385158,57.44615692901978,87.89119170598089,1.0654493836378869,-0.661336830399602,0.8531304120346581,0.3877174172505988,0.5,0.8421052631578947,269.1194934303514,7.540909537311508,19.371039805723626,heuristic,2026-05-26,19,101,1539.0,521.2026180150124
0.9969704487624802,80.75460634976089,106.48796086989341,1.0341957514842988,0.7323286551528398,0.8054447671477751,0.4813351364492879,0.3333333333333333,1.0,1883.1410677250851,7.140891832134289,181.17321494037418,naive_family,2026-05-26,19,101,1539.0,2666.0538002802205
0.8386267114659526,67.92876362874216,108.8071606020102,0.7000384918333667,0.4081645238193167,0.6154437296900654,0.6795437210774559,0.5,1.0,1093.7764174794595,6.996475298887293,102.38116644905864,size_ratio,2026-05-26,19,101,1539.0,2167.165202157928
0.7853821694362119,63.61595572433316,86.30168976306535,1.2935992762523438,-0.18355226446369693,0.8995029523095618,-0.0913082002481336,0.16666666666666666,0.3684210526315789,407.05464537774105,8.820240015151084,31.885224522623023,ridge,2026-05-26,19,101,1539.0,1256.5130649903704
0.6073241333853789,49.19325480421569,75.66953346728204,1.1713242034079683,-0.27939970274593395,0.71530570653628,0.21597901212539292,0.3333333333333333,0.5263157894736842,293.23263565095135,7.488276107034619,21.834987458060517,lasso,2026-05-26,19,101,1539.0,1109.0038574740076
0.6348025931133966,51.41901004218512,77.7844895891753,1.1884069644825321,-0.2681534590202522,0.7465292525321872,0.11764710416586442,0.3333333333333333,0.5263157894736842,324.1952249275471,7.519042898173616,24.90047959458109,elasticnet,2026-05-26,19,101,1539.0,1126.3118265678318
0.5707469156034459,46.23050016387912,72.87296941484682,0.720802960575087,-0.2812571201295811,0.5960466542476361,0.3863039241267191,0.16666666666666666,0.8421052631578947,244.49540238450538,5.971546910743576,18.47799332770696,poisson_glm,2026-05-26,19,101,1539.0,1106.1452921205748
0.583447895236097,47.259279514123854,74.48156719575212,0.7407629236668608,-0.317728255743053,0.6075873773195068,0.374012435631778,0.16666666666666666,0.7368421052631579,303.5488413062703,7.009207308843588,23.34567682178344,negbin_glm,2026-05-26,19,101,1539.0,1050.0162144114415
0.7285533392266443,59.0128204773582,70.89119848689165,1.4203731631123715,0.1804622006441615,0.734889320974861,0.2484636602905943,0.5,0.7894736842105263,255.5169914524324,8.36741911731051,17.184280027932726,random_forest,2026-05-26,19,101,1539.0,1816.7313267913646
0.9739441304643717,78.8894745676141,89.79435048668145,1.5186933419030733,0.4183105756277539,0.8665429421513613,0.01229148849494106,0.3333333333333333,0.5263157894736842,296.7417611573872,10.61416482423481,19.060011291503905,xgboost,2026-05-26,19,101,1539.0,2182.780029296875
0.9664838927289596,78.28519531104573,92.16447323749594,1.584052710296176,0.6930964721050952,0.827125052091265,0.19315196206335955,0.16666666666666666,0.42105263157894735,321.0912266573616,17.77788233323727,14.331240332498894,lightgbm,2026-05-26,19,101,1539.0,2605.6754705697413
0.6369497738475834,51.59293168165426,80.20139998805266,0.9097985480532453,-0.2995515844497137,0.7288180823606139,0.1940299255272839,0.3333333333333333,0.6842105263157895,338.3034810238434,6.0120241229186435,27.818323979465696,gompertz,2026-05-26,19,101,1539.0,1077.9901115318905
0.6430579122263789,52.08769089033669,81.60568844110053,0.9339349664878124,-0.3360120065345657,0.7228222792216001,0.1826164004962672,0.3333333333333333,0.6842105263157895,353.8458210483172,6.049770876649266,29.33481122818245,logistic,2026-05-26,19,101,1539.0,1021.8775219433035
0.6457721738942487,52.30754608543414,82.00376500402763,0.9628163085161966,-0.3443706503407255,0.8065971178709234,0.1826164004962672,0.3333333333333333,0.6842105263157895,357.6016276134322,6.061664795960853,29.698497965382355,bass,2026-05-26,19,101,1539.0,1009.0135691256233
0.7104014464085725,57.54251715909437,75.27273793849149,0.7586175754429845,0.22595396836122522,0.6854368994377403,0.5083408456122053,0.5,0.8947368421052632,236.35789473684213,6.9752631578947355,16.660526315789472,hier_bayes,2026-05-26,19,101,1539.0,1886.7431573079257
0.6992032404469742,56.635462476204914,78.17009492271919,0.7506150477429746,0.21373440100481078,0.6068914766533757,0.4714663801273822,0.3333333333333333,0.631578947368421,261.98027129497126,11.265142897161029,14.932884232336093,knn_lookalike,2026-05-26,19,101,1539.0,1867.9372431464037
0.7554906890630019,61.19474581410315,88.28684930599266,1.0131957763960917,-0.1891488786441506,0.7371425983953607,0.15898113083452756,0.16666666666666666,0.631578947368421,361.5663750461693,7.695762608393072,28.460874896223853,matrix_factorisation,2026-05-26,19,101,1539.0,1247.899875766652
0.8078377485912718,65.43485763589301,96.14467876375865,0.918301968064073,-0.053473087697994234,0.7160788563101221,0.2992962384950754,0.3333333333333333,0.8421052631578947,362.15430858233805,6.208563610668305,30.006867247565495,cluster_pool,2026-05-26,19,101,1539.0,1456.7049180327867
0.8465712729666098,68.5722731102954,77.2522297917871,1.4328701659241854,0.3927679500405672,0.8144085122110196,0.20807734095007369,0.16666666666666666,0.631578947368421,236.21820794445878,8.54198559337469,15.079835201071187,ensemble,2026-05-26,19,101,1539.0,2143.4698751124324
