child_asin,program,colour,size,shade_family,pattern_type,launch_date,siblings_live_at_launch,organic_units_first61d,gross_units_first61d,days_observed
B07D2FRRFR,Duvet Cover Set,White,King,White,Solid,2019-05-08,0.0,215.0,215.0,61
B07D2FMTQX,Duvet Cover Set,Sky Blue,Queen,Light Blue,Solid,2019-05-21,0.0,8.0,8.0,61
B07HP3MYQ8,Duvet Cover Set,Vanilla Yellow,King,Yellow,Solid,2019-05-21,0.0,16.0,16.0,61
B07HP3N84J,Duvet Cover Set,Indigo Navy Blue,Queen,Dark Blue,Solid,2019-05-21,0.0,10.0,10.0,61
B07HP49MW4,Duvet Cover Set,Seafoam,King,Green,Solid,2019-05-21,0.0,12.0,12.0,61
B07HP5WYYB,Duvet Cover Set,Indigo Navy Blue,King,Dark Blue,Solid,2019-05-21,0.0,26.0,26.0,61
B089DC8XXL,400 TC Duvet Cover,White,King,White,Solid,2020-07-28,0.0,203.0,206.0,61
B089DF5522,400 TC Duvet Cover,White,Queen,White,Solid,2020-07-28,0.0,251.0,253.0,61
B089DGHQYN,Duvet Cover Set,White,Oversized King,White,Solid,2020-07-28,0.0,79.0,79.0,61
B089DGLSNN,400 TC Duvet Cover,White,Oversized King,White,Solid,2020-07-28,0.0,66.0,67.0,61
B07JPXB3PT,Duvet Cover Set,Ivory,Queen,Near White,Solid,2020-08-17,0.0,83.0,83.0,61
B07JXZ56WR,Duvet Cover Set,Ivory,King,Near White,Solid,2020-08-17,0.0,16.0,17.0,61
B089DDSZD4,400 TC Duvet Cover,Ivory,Queen,Near White,Solid,2020-08-17,0.0,38.0,38.0,61
B089DG67KX,400 TC Duvet Cover,Light Gray,Queen,Light Grey,Solid,2020-08-17,0.0,63.0,63.0,61
B089DG8DYB,400 TC Duvet Cover,Ivory,Oversized King,Near White,Solid,2020-08-17,0.0,11.0,11.0,61
B089DGTF55,Duvet Cover Set,Ivory,Oversized King,Near White,Solid,2020-08-17,0.0,12.0,12.0,61
B089DH2PHF,400 TC Duvet Cover,Ivory,King,Near White,Solid,2020-08-17,0.0,22.0,22.0,61
B089DH3Z2B,400 TC Duvet Cover,Light Gray,King,Light Grey,Solid,2020-08-17,0.0,57.0,57.0,61
B089DH9S71,Duvet Cover Set,Light Gray,Oversized King,Light Grey,Solid,2020-08-17,0.0,38.0,38.0,61
B089DHVMW6,400 TC Duvet Cover,Light Gray,Oversized King,Light Grey,Solid,2020-08-17,0.0,26.0,26.0,61
B08B1LPVYR,Duvet Cover Set,Gray,Queen,Mid Grey,Solid,2020-08-19,0.0,96.0,96.0,61
B08B1M9H7N,Duvet Cover Set,Gray,King,Mid Grey,Solid,2020-08-19,0.0,65.0,65.0,61
B08B1MHDGK,400 TC Duvet Cover,Gray,King,Mid Grey,Solid,2020-08-19,0.0,47.0,47.0,61
B08B1MQWPM,400 TC Duvet Cover,Gray,Queen,Mid Grey,Solid,2020-08-19,0.0,55.0,55.0,61
B08C7LPXR3,400 TC Duvet Cover,Gray,Oversized King,Mid Grey,Solid,2020-08-19,0.0,24.0,24.0,61
B08C7LZWBM,Duvet Cover Set,Gray,Oversized King,Mid Grey,Solid,2020-08-19,0.0,24.0,24.0,61
B089DD8K98,Duvet Cover Set,Pattern - Pinstripe,King,White,Pattern,2020-08-31,1.0,24.0,24.0,61
B089DFGPCH,Duvet Cover Set,Pattern - Pinstripe,Queen,White,Pattern,2020-08-31,1.0,72.0,72.0,61
B089DHDSWN,Duvet Cover Set,Pattern - Polka Dot,Queen,White,Pattern,2020-08-31,1.0,106.0,106.0,61
B089DJ14PR,Duvet Cover Set,Pattern - Polka Dot,King,White,Pattern,2020-08-31,1.0,21.0,21.0,61
B089DDS3NW,400 TC Duvet Cover,Indigo Navy Blue,King,Dark Blue,Solid,2020-11-07,0.0,32.0,34.0,61
B089DFCGZL,400 TC Duvet Cover,Indigo Navy Blue,Queen,Dark Blue,Solid,2020-11-07,0.0,48.0,48.0,61
B089DFJM8R,400 TC Duvet Cover,Indigo Navy Blue,Oversized King,Dark Blue,Solid,2020-11-07,0.0,37.0,40.0,61
B089DFSS2H,Duvet Cover Set,Indigo Navy Blue,Oversized King,Dark Blue,Solid,2020-11-07,0.0,18.0,18.0,61
B089DH5BKK,400 TC Duvet Cover,Slate Gray,King,Dark Grey,Solid,2021-10-27,0.0,0.0,0.0,61
B09HGM2ZLR,Duvet Cover Set,Textured - White Waffle,Oversized King,White,Textured,2021-11-09,1.0,13.0,14.0,61
B09HH75T9D,Duvet Cover Set,Textured - White Striped Slub,Oversized King,White,Textured,2021-11-09,1.0,19.0,20.0,61
B09HGPY6X7,Duvet Cover Set,Textured - White Geo Matelassé,Oversized King,White,Textured,2021-11-19,3.0,40.0,45.0,61
B09HGQT17X,Duvet Cover Set,Textured - White Linen Look Slub,Oversized King,White,Textured,2021-11-19,3.0,31.0,31.0,61
B09HH2NY2M,Duvet Cover Set,Textured - White Geo Matelassé,King,White,Textured,2021-11-19,3.0,64.0,69.0,61
B09HH32BN6,Duvet Cover Set,Textured - White Linen Look Slub,King,White,Textured,2021-11-19,3.0,32.0,35.0,61
B09HGTMDC5,Duvet Cover Set,Textured - White Geo Matelassé,Queen,White,Textured,2021-11-21,3.0,47.0,65.0,61
B09HH6N43T,Duvet Cover Set,Textured - White Waffle,Queen,White,Textured,2021-11-21,3.0,108.0,120.0,61
B09HGZ4B5Q,Duvet Cover Set,Textured - White Waffle,King,White,Textured,2021-11-22,5.0,68.0,73.0,61
B09HGK8CH4,Duvet Cover Set,Textured - White Linen Look Slub,Queen,White,Textured,2021-11-24,5.0,43.0,46.0,61
B09HGRXHJF,Duvet Cover Set,Textured - White Striped Slub,Queen,White,Textured,2021-11-24,5.0,28.0,29.0,61
B09HGX5FBT,Duvet Cover Set,Textured - White Striped Slub,King,White,Textured,2021-11-24,6.0,44.0,45.0,61
B09P8LYKWJ,Duvet Cover Set,Textured - Natural Linen Look Slub,Queen,Near White,Textured,2022-03-04,1.0,85.0,85.0,61
B09P8MJ4TK,Duvet Cover Set,Textured - Natural Linen Look Slub,Oversized King,Near White,Textured,2022-03-04,1.0,81.0,81.0,61
B09P8N2DN6,Duvet Cover Set,Textured - Natural Linen Look Slub,King,Near White,Textured,2022-03-04,1.0,169.0,173.0,61
B0B7S9XC69,Duvet Cover Set,Stripe - White,Queen,White,Stripe,2022-09-12,7.0,28.0,28.0,61
B0B7SDK5NS,Duvet Cover Set,Stripe - White,King,White,Stripe,2022-09-27,7.0,49.0,49.0,61
B0B7SB3KKW,Duvet Cover Set,Stripe - Charcoal Gray,King,Dark Grey,Stripe,2022-09-29,1.0,39.0,39.0,61
B0B7SB12KQ,Duvet Cover Set,Stripe - Charcoal Gray,Queen,Dark Grey,Stripe,2022-09-30,1.0,51.0,51.0,61
B0BP769CCH,Duvet Cover Set,White/Blue,Queen,White,Two Tone,2023-01-01,8.0,3.0,3.0,61
B0BP76HL54,Duvet Cover Set,White/Ivory,King,White,Two Tone,2023-01-01,8.0,12.0,12.0,61
B0BP76K7VY,Duvet Cover Set,White/Ivory,Oversized King,White,Two Tone,2023-01-01,5.0,5.0,5.0,61
B0BP76KJ65,Duvet Cover Set,White/Gray,King,White,Two Tone,2023-01-01,8.0,4.0,4.0,61
B0BP76Z81S,Duvet Cover Set,White/Ivory,Queen,White,Two Tone,2023-01-01,8.0,15.0,15.0,61
B0BP77GWF1,Duvet Cover Set,White/Gray,Queen,White,Two Tone,2023-01-01,8.0,13.0,13.0,61
B0BP77N52P,Duvet Cover Set,White/Blue,King,White,Two Tone,2023-01-01,8.0,7.0,7.0,61
B0BP77RMF9,Duvet Cover Set,White/Gray,Oversized King,White,Two Tone,2023-01-01,5.0,6.0,6.0,61
B0BP79YY1H,Duvet Cover Set,White/Blue,Oversized King,White,Two Tone,2023-01-01,5.0,2.0,2.0,61
B0BJDKYW2W,Duvet Cover Set,Textured - Cream Boho Tufted,King,Near White,Textured,2023-01-09,2.0,25.0,25.0,61
B0BJDNDPJH,Duvet Cover Set,Textured - White Seersucker,King,White,Textured,2023-01-10,11.0,13.0,13.0,61
B0BJDPLCHT,Duvet Cover Set,Textured - White Seersucker,Oversized King,White,Textured,2023-01-10,8.0,11.0,11.0,61
B0B7B9W8ZH,Duvet Cover Set,Textured - Cream Boho Tufted,Oversized King,Near White,Textured,2023-01-12,2.0,52.0,52.0,61
B0BJDMVDWF,Duvet Cover Set,Textured - White Seersucker,Queen,White,Textured,2023-01-12,11.0,7.0,7.0,61
B0BJDMYTZG,Duvet Cover Set,Textured - Cream Boho Tufted,Queen,Near White,Textured,2023-01-12,2.0,31.0,31.0,61
B0CR7Q3F8F,Duvet Cover Set,Textured - Natural Linen Look Slub,King,Near White,Textured,2024-02-02,3.0,9.0,9.0,61
B0CWH291HJ,Duvet Cover Set,White,Twin,White,Solid,2024-03-26,0.0,79.0,79.0,61
B0CWGP5Y7L,400 TC Duvet Cover,White,Twin,White,Solid,2024-05-01,0.0,505.0,581.0,61
B0DR8XHWSN,Duvet Cover Set,Beige,Queen,Beige,Solid,2025-03-20,0.0,42.0,42.0,61
B0DR8XJTT3,Duvet Cover Set,Pattern - Paisley - Beige,King,Beige,Pattern,2025-03-20,0.0,31.0,31.0,61
B0DR8YLQ7K,Duvet Cover Set,Pattern - Paisley - Beige,Queen,Beige,Pattern,2025-03-20,0.0,24.0,24.0,61
B0DR8Z44CM,400 TC Duvet Cover,Pattern - Paisley - Beige,Queen,Beige,Pattern,2025-03-20,0.0,49.0,49.0,61
B0DR91MMJK,Duvet Cover Set,Beige,King,Beige,Solid,2025-03-20,0.0,52.0,52.0,61
B0DR91ZKKZ,400 TC Duvet Cover,Stripe - White,Queen,White,Stripe,2025-03-20,1.0,214.0,214.0,61
B0DR9289LC,400 TC Duvet Cover,Beige,King,Beige,Solid,2025-03-21,0.0,110.0,110.0,61
B0DR8Y6CSN,400 TC Duvet Cover,Stripe - White,King,White,Stripe,2025-03-28,1.0,189.0,189.0,61
B0DR918N9D,400 TC Duvet Cover,Beige,Queen,Beige,Solid,2025-04-02,1.0,181.0,181.0,61
B0DR8XXMY5,400 TC Duvet Cover,Pattern - Paisley - Beige,King,Beige,Pattern,2025-04-09,1.0,106.0,106.0,61
B089DH572C,400 TC Duvet Cover,Black,King,Black,Solid,2025-04-26,0.0,18.0,18.0,61
B089DH58QX,400 TC Duvet Cover,Black,Queen,Black,Solid,2025-04-26,0.0,22.0,22.0,61
B0F23XYBN8,400 TC Duvet Cover,Pink,Queen,Pink,Solid,2025-05-26,0.0,141.0,142.0,61
B0F241V4YK,400 TC Duvet Cover,Light Gray,Twin,Light Grey,Solid,2025-05-26,0.0,230.0,234.0,61
B0F241YFJ8,400 TC Duvet Cover,Beige,Twin,Beige,Solid,2025-05-26,0.0,42.0,42.0,61
B0F241YQVC,400 TC Duvet Cover,Black,Twin,Black,Solid,2025-05-26,0.0,40.0,40.0,61
B0F2423YPG,400 TC Duvet Cover,Pink,King,Pink,Solid,2025-05-26,0.0,41.0,42.0,61
B0F2424F23,400 TC Duvet Cover,Ivory,Twin,Near White,Solid,2025-05-26,0.0,225.0,235.0,61
B0F24279LZ,400 TC Duvet Cover,Sky Blue,Queen,Light Blue,Solid,2025-05-26,0.0,160.0,160.0,61
B0F2428582,400 TC Duvet Cover,Gray,Twin,Mid Grey,Solid,2025-05-26,0.0,129.0,132.0,61
B0F242BDQN,400 TC Duvet Cover,Pattern - Paisley - Beige,Twin,Beige,Pattern,2025-05-26,0.0,82.0,86.0,61
B0F243QDSL,400 TC Duvet Cover,Sage Green,King,Green,Solid,2025-05-26,0.0,200.0,201.0,61
B0F243X7TS,400 TC Duvet Cover,Sky Blue,King,Light Blue,Solid,2025-05-26,0.0,154.0,154.0,61
B0F244DYDR,400 TC Duvet Cover,Sage Green,Twin,Green,Solid,2025-05-26,0.0,205.0,206.0,61
B0F244T9DL,400 TC Duvet Cover,Sage Green,Queen,Green,Solid,2025-05-26,0.0,213.0,216.0,61
B0F245LD5R,400 TC Duvet Cover,Stripe - White,Twin,White,Stripe,2025-05-26,1.0,130.0,130.0,61
B0F244F18J,400 TC Duvet Cover,Pink,Twin,Pink,Solid,2025-05-27,0.0,126.0,138.0,61
B0F244YQVQ,400 TC Duvet Cover,Indigo Navy Blue,Twin,Dark Blue,Solid,2025-05-27,0.0,171.0,175.0,61
B0F245SSBC,400 TC Duvet Cover,Sky Blue,Twin,Light Blue,Solid,2025-05-27,0.0,211.0,216.0,61
